TeamID,TeamName,SportName,LevelName,Strength,TravelLimit,Site,SubSite,BillTo,HighSchool
"4255","1776 UNITED EDP","Soccer","U-14","5","999","Not Set","Not Set","Not Set","Not Set",
"4241","ATLANTIC UNITED EDP/B","Soccer","U-13","5","999","Not Set","Not Set","Not Set","Not Set",
"2382","ATLANTIC UNITED SOCCER CLUB ATLANTIC UNITED PREMIE","Soccer","U-10","5","999","Not Set","Not Set","Not Set","Not Listed",
"3785","ATLANTIC UNITED SOCCER CLUB ATLANTIC UNITED PREMIE","Soccer","U-14","5","999","Not Set","Not Set","Not Set","Not Listed",
"1981","ATLANTIC UNITED SOCCER CLUB ATLANTIC UNITED PREMIE","Soccer","U-9","5","999","Not Set","Not Set","Not Set","Not Listed",
"3751","AUDUBON SOCCER YOUTH ASSOCIATION AUDUBON ATTACK - ","Soccer","U-10","5","999","Not Set","Not Set","Not Set","Not Listed",
"2327","AUDUBON SOCCER YOUTH ASSOCIATION AUDUBON SOCCER YO","Soccer","U-11","5","999","Not Set","Not Set","Not Set","Not Listed",
"2610","AUDUBON SOCCER YOUTH ASSOCIATION AUDUBON SOCCER YO","Soccer","U-12","5","999","Not Set","Not Set","Not Set","Not Listed",
"2702","AUDUBON SOCCER YOUTH ASSOCIATION AUDUBON SOCCER YO","Soccer","U-13","5","999","AUDUBON - GREEN WAVE PARK","F1","Not Set","Not Listed",
"3690","AUDUBON SOCCER YOUTH ASSOCIATION AUDUBON SOCCER YO","Soccer","U-14","5","999","AUDUBON - GREEN WAVE PARK","F1","Not Set","Not Listed",
"2572","AUDUBON SOCCER YOUTH ASSOCIATION AUDUBON SOCCER YO","Soccer","U-9","5","999","Not Set","Not Set","Not Set","Not Listed",
"3805","AUDUBON SOCCER YOUTH ASSOCIATION AUDUBON U9 BOYS 2","Soccer","U-9","5","999","Not Set","Not Set","Not Set","Not Listed",
"4166","BARRINGTON SC  REVOLUTION 2013","Soccer","U-11","5","999","MERCHANTVILLE - WILLOW AVE","S1","Not Set","Not Set",
"4305","BATTLE OF MONMOUTH EDP/B","Soccer","U-15","5","999","Not Set","Not Set","Not Set","Not Set",
"4331","BCSA EDP/B","Soccer","U-16","5","999","Not Set","Not Set","Not Set","Not Set",
"4338","BERLIN BLITZ EDP/G","Soccer","U-16","5","999","BERLIN SC - FRANKLIN FIELDS","F1","Not Set","Not Set",
"4135","BERLIN SOCCER CLUB BALL BREAKERS 2012","Soccer","U-12","5","999","Not Set","Not Set","Not Set","Not Set",
"3667","BERLIN SOCCER CLUB BERSERKERS 2015","Soccer","U-9","5","999","BERLIN SC - FRANKLIN FIELDS","S7","Not Set","Not Set",
"4094","BERLIN SOCCER CLUB BOYS TBD 2016","Soccer","U-8","5","999","Not Set","Not Set","Not Set","Not Set",
"3680","BERLIN SOCCER CLUB BRAWLERS 2010","Soccer","U-14","5","999","Not Set","Not Set","Not Set","Not Set",
"3910","BERLIN SOCCER CLUB BULLDOGS 2013","Soccer","U-11","5","999","Not Set","Not Set","Not Set","Not Set",
"4197","BLOOMFIELD EDP/B","Soccer","U-14","5","999","Not Set","Not Set","Not Set","Not Set",
"4310","BORDENTOWN EDP/B","Soccer","U-14","5","999","Not Set","Not Set","Not Set","Not Set",
"4231","BORDENTOWN EDP/G","Soccer","U-14","5","999","Not Set","Not Set","Not Set","Not Set",
"3917","BORDENTOWN FC  JAGUARS 2011","Soccer","U-13","5","999","Not Set","Not Set","Not Set","Not Set",
"3819","BORDENTOWN FC  JAGUARS 2012","Soccer","U-12","5","999","Not Set","Not Set","Not Set","Not Set",
"4052","BORDENTOWN FC  PANTHERS 2010","Soccer","U-14","5","999","BORDENTOWN - FRIENDSHIP FIELDS","F1","Not Set","Not Set",
"3848","BORDENTOWN FC  RENEGADES 2011","Soccer","U-13","5","999","Not Set","Not Set","Not Set","Not Set",
"3787","BORDENTOWN FC  REVOLUTION 2016","Soccer","U-8","5","999","BORDENTOWN - FRIENDSHIP FIELDS","S7","Not Set","Not Set",
"3948","BORDENTOWN FC  UNION 2014","Soccer","U-10","5","999","BORDENTOWN - FRIENDSHIP FIELDS","S7","Not Set","Not Set",
"3758","BURLINGTON COUNTY SOCCER ACADEMY DEL-SIDE SC 2010B","Soccer","U-14","5","999","Not Set","Not Set","Not Set","Not Set",
"3887","BURLINGTON COUNTY SOCCER ACADEMY DEL-SIDE SC 2011B","Soccer","U-13","5","999","Not Set","Not Set","Not Set","Not Set",
"3733","BURLINGTON COUNTY SOCCER ACADEMY DEL-SIDE SC 2013B","Soccer","U-11","5","999","BURLINGTON COUNTY SA - Delanco Field of Dreams","F1","Not Set","Not Set",
"3897","BURLINGTON COUNTY SOCCER ACADEMY DEL-SIDE SC 2014B","Soccer","U-10","5","999","BURLINGTON COUNTY SA - Delanco Field of Dreams","F1","Not Set","Not Set",
"3902","BURLINGTON COUNTY SOCCER ACADEMY DEL-SIDE SC 2015B","Soccer","U-9","5","999","BURLINGTON COUNTY SA - Delanco Field of Dreams","F1","Not Set","Not Set",
"3754","BURLINGTON TOWNSHIP SOCCER CELTIC 2010","Soccer","U-14","5","999","Not Set","Not Set","Not Set","Not Set",
"3928","BURLINGTON TOWNSHIP SOCCER DRAGONS 2012","Soccer","U-12","5","999","Not Set","Not Set","Not Set","Not Set",
"4012","BURLINGTON TOWNSHIP SOCCER DYNAMITE 2014","Soccer","U-10","5","999","BURLINGTON TWP - PINEWALD AVE","S7","Not Set","Not Set",
"4035","BURLINGTON TOWNSHIP SOCCER FUSION 2009","Soccer","U-15","5","999","Not Set","Not Set","Not Set","Not Set",
"3860","BURLINGTON TOWNSHIP SOCCER KNIGHTHAWKS 2012","Soccer","U-12","5","999","Not Set","Not Set","Not Set","Not Set",
"3672","BURLINGTON TOWNSHIP SOCCER PHOENIX 2015","Soccer","U-9","5","999","Not Set","Not Set","Not Set","Not Set",
"4049","BURLINGTON TOWNSHIP SOCCER REBELS 2011","Soccer","U-13","5","999","Not Set","Not Set","Not Set","Not Set",
"3811","BURLINGTON TOWNSHIP SOCCER STRIKERS 2013","Soccer","U-11","5","999","BURLINGTON TWP - PINEWALD AVE","S9","Not Set","Not Set",
"3958","BURLINGTON TOWNSHIP SOCCER THUNDER2015","Soccer","U-9","5","999","BURLINGTON TWP - PINEWALD AVE","S7","Not Set","Not Set",
"4120","CAPE EXPRESS  - CE NOR'EASTERS 2016","Soccer","U-8","5","999","CAPE EX SOCCER COMPLEX At Ockie Wisting","S7","Not Set","Not Set",
"3855","CAPE EXPRESS AVENGERS 2013","Soccer","U-11","5","999","CAPE EX SOCCER COMPLEX At Ockie Wisting","S9","Not Set","Not Set",
"3715","CAPE EXPRESS CE BLUE CRUSH 2010","Soccer","U-14","5","999","CAPE EX SOCCER COMPLEX At Ockie Wisting","F1","Not Set","Not Set",
"4102","CAPE EXPRESS CE ENGINEERS 2014","Soccer","U-10","5","999","Not Set","Not Set","Not Set","Not Set",
"4000","CAPE EXPRESS CE SILVER STREAK 2015","Soccer","U-9","5","999","Not Set","Not Set","Not Set","Not Set",
"4003","CAPE EXPRESS CE UNION 2014","Soccer","U-10","5","999","CAPE EX SOCCER COMPLEX At Ockie Wisting","S7","Not Set","Not Set",
"3878","CAPE EXPRESS SURGE 2011","Soccer","U-13","5","999","Not Set","Not Set","Not Set","Not Set",
"4145","CAPE EXPRESS WHITE CAPS 2012","Soccer","U-12","5","999","CAPE EX SOCCER COMPLEX At Ockie Wisting","S9","Not Set","Not Set",
"3875","CHERRY HILL FC  AVENGERS 2011","Soccer","U-13","5","999","CHFC - DeCOU","F1","Not Set","Not Set",
"3765","CHERRY HILL FC  DRAGONS 2009","Soccer","U-15","5","999","Not Set","Not Set","Not Set","Not Set",
"3919","CHERRY HILL FC 2011 JUNIORS BLACK","Soccer","U-13","5","999","Not Set","Not Set","Not Set","Not Set",
"3807","CHERRY HILL FC 2011/2012 JUNIOR WHITE","Soccer","U-13","5","999","CHFC - DeCOU","F1","Not Set","Not Set",
"3770","CHERRY HILL FC 2012 JUNIORS BLACK","Soccer","U-12","5","999","CHFC - DeCOU","S9- Grass 9v9/D5","Not Set","Not Set",
"3745","CHERRY HILL FC 2013 DEVILS","Soccer","U-11","5","999","CHFC - DeCOU","S9- Grass 9v9/D5","Not Set","Not Set",
"3762","CHERRY HILL FC 2013 JUNIOR BLACK - RED HAWKS","Soccer","U-11","5","999","CHFC - DeCOU","S9- Grass 9v9/D5","Not Set","Not Set",
"4019","CHERRY HILL FC 2014 BLACK STRIKERS","Soccer","U-10","5","999","CHFC - DeCOU","S7 - Grass 7v7/D6","Not Set","Not Set",
"3960","CHERRY HILL FC 2014 RED - HAWKS","Soccer","U-10","5","999","CHFC - DeCOU","S7 - Grass 7v7/D6","Not Set","Not Set",
"3952","CHERRY HILL FC 2015 JUNIOR BLACK","Soccer","U-9","5","999","CHFC - DeCOU","S7 - Grass 7v7/D6","Not Set","Not Set",
"3946","CHERRY HILL FC 2015 JUNIOR RED","Soccer","U-9","5","999","CHFC - DeCOU","S7 - Grass 7v7/D6","Not Set","Not Set",
"3969","CHERRY HILL FC 2015/2016 JUNIOR WHITE","Soccer","U-9","5","999","CHFC - DeCOU","S7 - Grass 7v7/D6","Not Set","Not Set",
"4126","CHERRY HILL FC 2016 JUNIOR RED","Soccer","U-8","5","999","CHFC - DeCOU","S7 - Grass 7v7/D6","Not Set","Not Set",
"4010","CHERRY HILL SC  BLUE ARMY 2012","Soccer","U-13","5","999","CHSC - CH WEST HS","F1","Not Set","Not Set",
"3847","CHERRY HILL SC  CHAOS 2011","Soccer","U-13","5","999","CHSC - CH WEST HS","F1","Not Set","Not Set",
"3686","CHERRY HILL SC  ROYALS 2012","Soccer","U-12","5","999","CHSC - UPPER CHAPEL TURF","S9","Not Set","Not Set",
"4119","CHERRY HILL SC  THUNDER 2013","Soccer","U-11","5","999","CHSC - UPPER CHAPEL TURF","S9","Not Set","Not Set",
"3728","CHERRY HILL SC  THUNDERBOLTS 2010","Soccer","U-14","5","999","CHSC - CH WEST HS","F1","Not Set","Not Set",
"4152","CHERRY HILL SC CHERRY HILL SC 72S (2016) - BOYS","Soccer","U-8","5","999","Not Set","Not Set","Not Set","Not Set",
"4117","CHERRY HILL SC CHERRY HILL SC BLUE (2016) - BOYS","Soccer","U-8","5","999","CHSC - UPPER CHAPEL TURF","S7","Not Set","Not Set",
"4001","CHERRY HILL SC CHERRY HILL SC BULL DOGS 2012","Soccer","U-12","5","999","CHSC - UPPER CHAPEL TURF","S9","Not Set","Not Listed",
"3852","CHERRY HILL SC CHERRY HILL SC FORCE 2013","Soccer","U-11","5","999","CHSC - UPPER CHAPEL TURF","S9","Not Set","Not Set",
"3741","CHERRY HILL SC CHERRY HILL SC FORCE 2014","Soccer","U-10","5","999","CHSC - UPPER CHAPEL TURF","S7","Not Set","Not Set",
"4055","CHERRY HILL SC CHERRY HILL SC FUSION 2011","Soccer","U-13","5","999","Not Set","Not Set","Not Set","Not Set",
"4106","CHERRY HILL SC CHERRY HILL SC TBD (2012) - BOYS","Soccer","U-12","5","999","Not Set","Not Set","Not Set","Not Set",
"3671","CHERRY HILL SC CHERRY HILL SC TBD (2015) - BOYS","Soccer","U-9","5","999","CHSC - UPPER CHAPEL TURF","S7","Not Set","Not Set",
"3857","CHERRY HILL SC CHERRY HILL SC UNION 2015","Soccer","U-10","5","999","CHSC - UPPER CHAPEL TURF","S7","Not Set","Not Listed",
"3743","CHERRY HILL SC CHERRY HILL SC UNITED 2014","Soccer","U-11","5","999","CHSC - UPPER CHAPEL TURF","S9","Not Set","Not Listed",
"3999","CHERRY HILL SC CHERRY HILL SC WARRIORS 2015","Soccer","U-9","5","999","CHSC - UPPER CHAPEL TURF","S7","Not Set","Not Listed",
"4202","CHESHIRE EDP/G","Soccer","U-15","5","999","Not Set","Not Set","Not Set","Not Set",
"4215","CHFC ARSENAL EDP/G","Soccer","U-13","5","999","CHFC - DeCOU","F1","Not Set","Not Set",
"4217","CHFC CHAOS","Soccer","U-14","5","999","CHFC - DeCOU","F1","Not Set","Not Set",
"4216","CHFC CHAOS EDP/B","Soccer","U-15","5","999","CHFC - DeCOU","F1","Not Set","Not Set",
"4218","CHFC COSMOS EDP/B","Soccer","U-12","5","999","CHFC - DeCOU","S9- Grass 9v9/D5","Not Set","Not Set",
"4298","CHFC COSMOS NJYS PRES CUP/B","Soccer","U-12","5","999","CHFC - DeCOU","S9- Grass 9v9/D5","Not Set","Not Set",
"4328","CHFC DIABLOS EDP/B","Soccer","U-17","5","999","CHFC - DeCOU","F1","Not Set","Not Set",
"4207","CHFC DRAGONS EDP/G","Soccer","U-14","5","999","Not Set","Not Set","Not Set","Not Set",
"4302","CHFC DRAGONS NJYS PRES CUP/G","Soccer","U-14","5","999","CHFC - DeCOU","F1","Not Set","Not Set",
"4184","CHFC JUNIOR MAMBAS EDP/B","Soccer","U-12","5","999","CHFC - DeCOU","S9- Grass 9v9/D5","Not Set","Not Set",
"4213","CHFC MAMBAS EDP/B","Soccer","U-12","5","999","CHFC - DeCOU","S9- Grass 9v9/D5","Not Set","Not Listed",
"4323","CHFC SURGE EDP/G","Soccer","U-15","5","999","CHFC - DeCOU","F1","Not Set","Not Set",
"4268","CHFCCOSMOS EDP/B","Soccer","U-12","5","999","CHFC - DeCOU","S9- Grass 9v9/D5","Not Set","Not Set",
"4336","CHFCRED DEVILS EDP/B","Soccer","U-16","5","999","Not Set","Not Set","Not Set","Not Set",
"4254","CHSC FIERCE EDP","Soccer","U-14","5","999","CHSC - UPPER CHAPEL TURF","F1","Not Set","Not Set",
"4210","CHSC MAVERICKS EDP/B","Soccer","U-11","5","999","Not Set","Not Set","Not Set","Not Set",
"4300","CHSC MAVERICKS NJYS PRES CUP/B","Soccer","U-12","5","999","CHFC - DeCOU","S9- Grass 9v9/D5","Not Set","Not Set",
"4248","CHSC RAGE EDP","Soccer","U-14","5","999","CHSC - UPPER CHAPEL TURF","F1","Not Set","Not Set",
"4250","CHSC RAPTORS EDP","Soccer","U-15","5","999","CHSC - UPPER CHAPEL TURF","F1","Not Set","Not Set",
"4252","CHSC THUNDER EDP","Soccer","U-12","5","999","CHSC - UPPER CHAPEL TURF","S9","Not Set","Not Set",
"3735","CINNAMINSON SC  AVENGERS 2014","Soccer","U-10","5","999","CINNAMINSON SC - MEMORIAL","S7","Not Set","Not Set",
"4173","CINNAMINSON SC  CHARGE 2012","Soccer","U-12","5","999","Not Set","Not Set","Not Set","Not Set",
"3846","CINNAMINSON SC  CHARGERS 2014","Soccer","U-10","5","999","Not Set","Not Set","Not Set","Not Set",
"3730","CINNAMINSON SC  PIRATES 2009","Soccer","U-15","5","999","CINNAMINSON SC - MEMORIAL","F1","Not Set","Not Set",
"3880","CINNAMINSON SC  PIRATES 2010","Soccer","U-14","5","999","CINNAMINSON SC - MEMORIAL","F1","Not Set","Not Set",
"4098","CINNAMINSON SC  PIRATES BLACK 2016","Soccer","U-8","5","999","Not Set","Not Set","Not Set","Not Set",
"3817","CINNAMINSON SC  PIRATES WHITE 2015","Soccer","U-9","5","999","Not Set","Not Set","Not Set","Not Set",
"3833","CINNAMINSON SC  PIRATES WHITE 2016","Soccer","U-8","5","999","CINNAMINSON SC - MEMORIAL","S7","Not Set","Not Set",
"3873","CINNAMINSON SC  RAPTORS 2015","Soccer","U-9","5","999","Not Set","Not Set","Not Set","Not Set",
"3832","CINNAMINSON SC  RED DEVILS 2015","Soccer","U-9","5","999","Not Set","Not Set","Not Set","Not Set",
"3790","CINNAMINSON SC  SKULLS 2012","Soccer","U-12","5","999","Not Set","Not Set","Not Set","Not Set",
"4070","CINNAMINSON SC  STORM 2011","Soccer","U-13","5","999","CINNAMINSON SC - MEMORIAL","F1","Not Set","Not Set",
"4085","CINNAMINSON SC  STRIKERS 2013","Soccer","U-11","5","999","CINNAMINSON SC - MEMORIAL","S9","Not Set","Not Set",
"4158","CINNAMINSON SC  THUNDERBIRDS 2013","Soccer","U-11","5","999","Not Set","Not Set","Not Set","Not Set",
"4047","CINNAMINSON SC  VIPERS 2011","Soccer","U-13","5","999","Not Set","Not Set","Not Set","Not Set",
"4092","CINNAMINSON SC  VIPERS 2016","Soccer","U-8","5","999","Not Set","Not Set","Not Set","Not Set",
"3771","CINNAMINSON SC  WARRIORS 2012","Soccer","U-12","5","999","Not Set","Not Set","Not Set","Not Set",
"4122","CINNAMINSON SC  WILDCATS 2009","Soccer","U-15","5","999","CINNAMINSON SC - MEMORIAL","F1","Not Set","Not Set",
"3816","CLAYTON SA 2010 CLIPPERS","Soccer","U-14","5","999","Not Set","Not Set","Not Set","Not Set",
"4138","CLAYTON SA 2012 CLIPPERS","Soccer","U-12","5","999","Not Set","Not Set","Not Set","Clayton High School",
"3915","CLAYTON SA 2014 CLIPPERS","Soccer","U-10","5","999","Not Set","Not Set","Not Set","Clayton High School",
"3806","CLAYTON SA 2015 CLIPPERS","Soccer","U-9","5","999","Not Set","Not Set","Not Set","Not Set",
"4188","COHANSEY EDP/G","Soccer","U-10","5","999","Not Set","Not Set","Not Set","Not Set",
"4225","COHANSEY EDP/G","Soccer","U-14","5","999","Not Set","Not Set","Not Set","Not Set",
"4260","COHANSEY NJYS PRES CUP/B","Soccer","U-12","5","999","Not Set","Not Set","Not Set","Not Set",
"4131","COHANSEY SC  DYNAMO 2015","Soccer","U-9","5","999","Cohansey - Cumberland County Tech School","S7","Not Set","Not Set",
"4128","COHANSEY SC  DYNASTY 2015","Soccer","U-9","5","999","Cohansey - Cumberland County Tech School","S7","Not Set","Not Set",
"3801","COLLINGSWOOD TRAVEL SOCCER CLUB COLLINGSWOOD COBRA","Soccer","U-11","5","999","Not Set","Not Set","Not Set","Not Listed",
"3716","COLLINGSWOOD TRAVEL SOCCER CLUB GALAXY 2010","Soccer","U-14","5","999","Not Set","Not Set","Not Set","Not Set",
"3789","COLLINGSWOOD TRAVEL SOCCER CLUB KNIGHTS 2012","Soccer","U-12","5","999","Collingswood SC-Knights Park","S1","Not Set","Not Set",
"3767","COLLINGSWOOD TRAVEL SOCCER CLUB OUTLAWS 2014","Soccer","U-10","5","999","Not Set","Not Set","Not Set","Not Set",
"4151","COLLINGSWOOD TRAVEL SOCCER CLUB RAMPAGE 2016","Soccer","U-8","5","999","Collingswood SC-Knights Park","S1","Not Set","Not Set",
"3784","COLLINGSWOOD TRAVEL SOCCER CLUB ROVERS 2013","Soccer","U-11","5","999","Collingswood SC-Knights Park","S1","Not Set","Not Set",
"3998","COLLINGSWOOD TRAVEL SOCCER CLUB VENOM 2014","Soccer","U-10","5","999","Not Set","Not Set","Not Set","Not Set",
"4269","COLONIAL EDP/B","Soccer","U-12","5","999","Not Set","Not Set","Not Set","Not Set",
"4221","COLONIAL SC EDP/B","Soccer","U-12","5","999","Not Set","Not Set","Not Set","Not Set",
"4271","DELMARVA RUSH EDP/B","Soccer","U-12","5","999","Not Set","Not Set","Not Set","Not Set",
"3763","DELRAN FC SOCCER 2013B GREY","Soccer","U-11","5","999","Not Set","Not Set","Not Set","Not Set",
"3711","DELRAN FC SOCCER 2016B BLACK","Soccer","U-8","5","999","DELRAN - VERMES","S7","Not Set","Not Set",
"4160","DELRAN FC SOCCER 2016B GREY","Soccer","U-8","5","999","DELRAN - VERMES","S7","Not Set","Not Set",
"4274","DELRAN FC SOCCER DELRAN EXPRESS 2010B","Soccer","U-15","5","999","DELRAN - VERMES","F1","Not Set","Not Set",
"3907","DELRAN FC SOCCER DELRAN FC 2013 UNITED","Soccer","U-11","5","999","DELRAN - VERMES","S9","Not Set","Not Set",
"3872","DELRAN FC SOCCER DELRAN FC BLAST 2011","Soccer","U-13","5","999","Not Set","Not Set","Not Set","Not Set",
"3983","DELRAN FC SOCCER DELRAN FC COBRAS 2015","Soccer","U-9","5","999","DELRAN - VERMES","S7","Not Set","Not Set",
"4051","DELRAN FC SOCCER DELRAN FC FLASH 2012","Soccer","U-12","5","999","DELRAN - VERMES","S9","Not Set","Not Set",
"3843","DELRAN FC SOCCER DELRAN FC HAWKS 2014","Soccer","U-10","5","999","DELRAN - VERMES","S7","Not Set","Not Set",
"4101","DELRAN FC SOCCER DELRAN FC KNIGHTS 2014","Soccer","U-10","5","999","DELRAN - VERMES","S7","Not Set","Not Listed",
"4335","DEPTFORD EDP/G","Soccer","U-9","5","999","DEPTFORD SC","F1","Not Set","Not Set",
"4311","DEPTFORD NJYS PRES CUP/B","Soccer","U-12","5","999","Not Set","Not Set","Not Set","Not Set",
"4021","DEPTFORD SA DEPTFORD AVENGERS 2009","Soccer","U-15","5","999","DEPTFORD SC","F1","Not Set","Not Set",
"4011","DEPTFORD SA DEPTFORD BLAZE 2011 - BLACK","Soccer","U-13","5","999","Not Set","Not Set","Not Set","Not Set",
"3755","DEPTFORD SA DEPTFORD BRUTE FORCE 2010","Soccer","U-14","5","999","DEPTFORD SC","F1","Not Set","Not Set",
"3677","DEPTFORD SA DEPTFORD DEMONS 2010","Soccer","U-14","5","999","DEPTFORD SC","F1","Not Set","Not Set",
"3829","DEPTFORD SA DEPTFORD LIGHTNING 2015","Soccer","U-9","5","999","Not Set","Not Set","Not Set","Not Set",
"4316","DEPTFORD SA DEPTFORD REBELS 2009","Soccer","U-18","5","999","Not Set","Not Set","Not Set","Not Set",
"3842","DEPTFORD SA DEPTFORD RENEGADES 2014","Soccer","U-10","5","999","Not Set","Not Set","Not Set","Not Set",
"4318","DEPTFORD SA DEPTFORD SCORPIONS 2006/2007","Soccer","U-18","5","999","Not Set","Not Set","Not Set","Not Set",
"3818","DEPTFORD SA DEPTFORD THUNDER 2012","Soccer","U-12","5","999","DEPTFORD SC","S9","Not Set","Not Set",
"4036","DEPTFORD SA DEPTFORD THUNDER 2015","Soccer","U-9","5","999","DEPTFORD SC","S7","Not Set","Not Set",
"3916","DEPTFORD SA DEPTFORD TORNADOES 2011","Soccer","U-13","5","999","DEPTFORD SC","F1","Not Set","Not Listed",
"3824","DEPTFORD SA DEPTFORD TORNADOS 2013","Soccer","U-11","5","999","DEPTFORD SC","S9","Not Set","Not Set",
"3904","DEPTFORD SA DEPTFORD UNITED 2014","Soccer","U-10","5","999","Not Set","Not Set","Not Set","Not Set",
"3820","DEPTFORD SA DEPTFORD VENOM 2012","Soccer","U-12","5","999","DEPTFORD SC","S9","Not Set","Not Set",
"4107","EAST GREENWICH SA EGSA BLACK KNIGHTS 2015","Soccer","U-9","5","999","E GREENWICH - THOMPSON FAMILY PARK","S7","Not Set","Not Set",
"3977","EAST GREENWICH SA EGSA BLAZE 2010","Soccer","U-14","5","999","Not Set","Not Set","Not Set","Not Set",
"3981","EAST GREENWICH SA EGSA CHAOS 2016","Soccer","U-8","5","999","E GREENWICH - THOMPSON FAMILY PARK","S7","Not Set","Not Set",
"3889","EAST GREENWICH SA EGSA CHARGERS 2010","Soccer","U-14","5","999","Not Set","Not Set","Not Set","Not Set",
"3943","EAST GREENWICH SA EGSA DYNAMO 2013","Soccer","U-11","5","999","Not Set","Not Set","Not Set","Not Set",
"3782","EAST GREENWICH SA EGSA EAGLES 2014","Soccer","U-10","5","999","Not Set","Not Set","Not Set","Not Set",
"4132","EAST GREENWICH SA EGSA FLYERS 2015","Soccer","U-9","5","999","Not Set","Not Set","Not Set","Not Set",
"3862","EAST GREENWICH SA EGSA FURY 2011","Soccer","U-13","5","999","Not Set","Not Set","Not Set","Not Set",
"3696","EAST GREENWICH SA EGSA HORNETS 2007","Soccer","U-17","5","999","E GREENWICH - THOMPSON FAMILY PARK","F2","Not Set","Not Set",
"3978","EAST GREENWICH SA EGSA MAYHEM 2013","Soccer","U-11","5","999","E GREENWICH - THOMPSON FAMILY PARK","F1","Not Set","Not Set",
"3706","EAST GREENWICH SA EGSA PANTHERS 2013","Soccer","U-11","5","999","E GREENWICH - THOMPSON FAMILY PARK","F1","Not Set","Not Set",
"3827","EAST GREENWICH SA EGSA RANGERS 2012","Soccer","U-12","5","999","E GREENWICH - THOMPSON FAMILY PARK","F1","Not Set","Not Set",
"4027","EAST GREENWICH SA EGSA STARS 2014","Soccer","U-10","5","999","E GREENWICH - THOMPSON FAMILY PARK","S7.2","Not Set","Not Set",
"3863","EAST GREENWICH SA EGSA THUNDER 2009","Soccer","U-15","5","999","E GREENWICH - THOMPSON FAMILY PARK","F2","Not Set","Not Set",
"3828","EAST GREENWICH SA EGSA TIGERS 2015","Soccer","U-9","5","999","E GREENWICH - THOMPSON FAMILY PARK","S7","Not Set","Not Set",
"3704","EAST GREENWICH SA EGSA TITANS 2014","Soccer","U-10","5","999","E GREENWICH - THOMPSON FAMILY PARK","S7","Not Set","Not Set",
"4115","EAST GREENWICH SA EGSA VENOM 2012","Soccer","U-12","5","999","E GREENWICH - THOMPSON FAMILY PARK","F1","Not Set","Not Set",
"4060","EDGEWATER PARK ATHLETIC ASSOCIATION EP DEFENDERS 2","Soccer","U-13","5","999","EPAA - Weimann Sports Complex","Edgewater Park - Field of Dreams","Not Set","Not Listed",
"3419","EDGEWATER PARK ATHLETIC ASSOCIATION EP PHOENIX 200","Soccer","U-17","5","999","EPAA - Weimann Sports Complex","Edgewater Park - Field of Dreams","Not Set","Not Listed",
"3935","EDGEWATER PARK ATHLETIC ASSOCIATION EP WIZARDS 201","Soccer","U-14","5","999","EPAA - Weimann Sports Complex","Edgewater Park - Field of Dreams","Not Set","Not Listed",
"4154","EGG HARBOR TOWNSHIP SC EGG HARBOR SC EAGLES 2009","Soccer","U-15","5","999","EGG HARBOR - BARGAINTOWN","F1","Not Set","Not Set",
"3841","EGG HARBOR TOWNSHIP SC EGG HARBOR SC EAGLES 2014 B","Soccer","U-10","5","999","EGG HARBOR - BARGAINTOWN","S7","Not Set","Not Listed",
"3997","EGG HARBOR TOWNSHIP SC EGG HARBOR SC EAGLES 2014 W","Soccer","U-10","5","999","EGG HARBOR - BARGAINTOWN","S7","Not Set","Not Listed",
"3720","EGG HARBOR TOWNSHIP SC EGG HARBOR SC EAGLES 2015","Soccer","U-9","5","999","EGG HARBOR - BARGAINTOWN","S7","Not Set","Not Listed",
"4097","EGG HARBOR TOWNSHIP SC EGG HARBOR SC EAGLES 2016","Soccer","U-8","5","999","EGG HARBOR - BARGAINTOWN","S7","Not Set","Not Set",
"3304","EGG HARBOR TOWNSHIP SC EGG HARBOR SC EAGLES BLACK ","Soccer","U-11","5","999","Not Set","Not Set","Not Set","Not Listed",
"3327","EGG HARBOR TOWNSHIP SC EGG HARBOR SC EAGLES BLACK ","Soccer","U-12","5","999","EGG HARBOR - BARGAINTOWN","S9","Not Set","Not Listed",
"4043","EGG HARBOR TOWNSHIP SC EGG HARBOR SC EAGLES BLACK ","Soccer","U-13","5","999","Not Set","Not Set","Not Set","Not Listed",
"3296","EGG HARBOR TOWNSHIP SC EGG HARBOR SC EAGLES WHITE ","Soccer","U-11","5","999","Not Set","Not Set","Not Set","Not Listed",
"3944","EGG HARBOR TOWNSHIP SC EGG HARBOR SC EAGLES WHITE ","Soccer","U-13","5","999","EGG HARBOR - BARGAINTOWN","F1","Not Set","Not Listed",
"4334","FALLS SC EDP/B","Soccer","U-17","5","999","Not Set","Not Set","Not Set","Not Set",
"4245","FC BERNA EDP/G","Soccer","U-14","5","999","Not Set","Not Set","Not Set","Not Set",
"4219","FC COPA EDP/B","Soccer","U-12","5","999","Not Set","Not Set","Not Set","Not Set",
"4253","FC EDP","Soccer","U-12","5","999","Not Set","Not Set","Not Set","Not Set",
"4236","FRANKLIN ELITE EDP/G","Soccer","U-13","5","999","Not Set","Not Set","Not Set","Not Set",
"3879","FRANKLIN TOWNSHIP YOUTH SOCCER ASSOCIATION CRUSADE","Soccer","U-12","5","999","FRANKLIN TWP YOUTH COMPLEX","S9","Not Set","Not Listed",
"3503","FRANKLIN TOWNSHIP YOUTH SOCCER ASSOCIATION ENFORCE","Soccer","U-11","5","999","FRANKLIN TWP YOUTH COMPLEX","S9","Not Set","Not Listed",
"3804","FRANKLIN TOWNSHIP YOUTH SOCCER ASSOCIATION STORM 2","Soccer","U-10","5","999","FRANKLIN TWP YOUTH COMPLEX","S7","Not Set","Not Listed",
"3868","FRANKLIN TOWNSHIP YOUTH SOCCER ASSOCIATION STORM 2","Soccer","U-14","5","999","Not Set","Not Set","Not Set","Not Listed",
"3731","FRANKLIN TOWNSHIP YOUTH SOCCER ASSOCIATION STRIKER","Soccer","U-15","5","999","Not Set","Not Set","Not Set","Not Listed",
"4242","FREEHOLD SL EDP/B","Soccer","U-15","5","999","Not Set","Not Set","Not Set","Not Set",
"3959","GATEWAY UNITED SOCCER CLUB GATEWAY UNITED LIGHTNIN","Soccer","U-9","5","999","Not Set","Not Set","Not Set","Not Listed",
"3930","GATEWAY UNITED SOCCER CLUB GATORS 2016","Soccer","U-8","5","999","Not Set","Not Set","Not Set","Not Set",
"4095","GATEWAY UNITED SOCCER CLUB GREYHOUNDS 2014","Soccer","U-10","5","999","GATEWAY UTD. - WOODBURY HGTS-HELEN AVE","S1","Not Set","Gateway Regional High School",
"3867","GATEWAY UNITED SOCCER CLUB JAGUARS 2010","Soccer","U-14","5","999","GATEWAY UTD. - WESTVILLE","F1","Not Set","Not Set",
"3707","GATEWAY UNITED SOCCER CLUB SHARKS 2013","Soccer","U-11","5","999","Not Set","Not Set","Not Set","Not Set",
"3892","GATEWAY UNITED SOCCER CLUB STINGRAYS 2012","Soccer","U-12","5","999","GATEWAY UTD. - WESTVILLE","S1","Not Set","Gateway Regional High School",
"3282","GATEWAY UNITED SOCCER CLUB WARRIORS 2005","Soccer","U-19","5","999","GATEWAY UTD. - WESTVILLE","F1","Not Set","Not Listed",
"4057","GATEWAY UNITED SOCCER CLUB WILDCATS 2011","Soccer","U-13","5","999","GATEWAY UTD. - WESTVILLE","F1","Not Set","Not Set",
"4237","GERMAN AMERICAN KICKERS EDP/G","Soccer","U-11","5","999","Not Set","Not Set","Not Set","Not Set",
"4320","HADDON HEIGHTS SC  2009 GARNETS","Soccer","U-18","5","999","Not Set","Not Set","Not Set","Not Set",
"3783","HADDON HEIGHTS SC  2011 WOLVES","Soccer","U-13","5","999","HADD HGTS - DEVON","F1","Not Set","Not Set",
"3912","HADDON HEIGHTS SC  2013 BEAST BOYS","Soccer","U-11","5","999","HADD HGTS - DEVON","FS","Not Set","Not Set",
"3740","HADDON HEIGHTS SC  2013 YOUNG BOYS","Soccer","U-11","5","999","Not Set","Not Set","Not Set","Not Set",
"4064","HADDON HEIGHTS SC  2014 MIGHTY TITANS","Soccer","U-10","5","999","HADD HGTS - DEVON","S1","Not Set","Not Set",
"3973","HADDON HEIGHTS SC  2015 CHEETAHS","Soccer","U-9","5","999","Not Set","Not Set","Not Set","Not Set",
"4069","HADDON HEIGHTS SC  2016 RUCKUS","Soccer","U-8","5","999","Not Set","Not Set","Not Set","Not Set",
"3761","HADDON TWP SOCCER CLUB HADDON TWP RED HAWKS 2010","Soccer","U-14","5","999","Not Set","Not Set","Not Set","Not Set",
"4048","HADDON TWP SOCCER CLUB HADDON TWP RED HAWKS 2011","Soccer","U-13","5","999","HADDON TWP - RECCHINO FIELDS","F1","Not Set","Not Set",
"3927","HADDON TWP SOCCER CLUB HADDON TWP RED HAWKS 2012","Soccer","U-12","5","999","HADDON TWP - CRYSTAL LAKE","S9","Not Set","Not Set",
"3956","HADDON TWP SOCCER CLUB HADDON TWP RED HAWKS 2013","Soccer","U-11","5","999","HADDON TWP - CRYSTAL LAKE","S9","Not Set","Not Set",
"3942","HADDON TWP SOCCER CLUB HADDON TWP RED HAWKS 2014","Soccer","U-11","5","999","HADDON TWP - CRYSTAL LAKE","S9","Not Set","Not Set",
"3831","HADDON TWP SOCCER CLUB HADDON TWP RED HAWKS 2015","Soccer","U-9","5","999","HADDON TWP - CRYSTAL LAKE","S7","Not Set","Not Set",
"4091","HADDON TWP SOCCER CLUB HADDON TWP RED HAWKS 2016","Soccer","U-8","5","999","HADDON TWP - CRYSTAL LAKE","S7","Not Set","Not Set",
"3987","HADDON TWP SOCCER CLUB HADDON TWP WHITE HAWKS 2012","Soccer","U-12","5","999","Not Set","Not Set","Not Set","Not Set",
"3971","HADDON TWP SOCCER CLUB HADDON TWP WHITE HAWKS 2013","Soccer","U-11","5","999","HADDON TWP - CRYSTAL LAKE","S9","Not Set","Not Set",
"3748","HADDON TWP SOCCER CLUB HADDON TWP WHITE HAWKS 2014","Soccer","U-10","5","999","Not Set","Not Set","Not Set","Not Set",
"3670","HADDON TWP SOCCER CLUB HADDON TWP WHITE HAWKS 2015","Soccer","U-9","5","999","Not Set","Not Set","Not Set","Not Set",
"3994","HADDON TWP SOCCER CLUB HADDON TWP WHITE HAWKS 2016","Soccer","U-8","5","999","HADDON TWP - CRYSTAL LAKE","S7","Not Set","Not Set",
"3794","HADDONFIELD SC BLACK 2011","Soccer","U-13","5","999","Not Set","Not Set","Not Set","Not Listed",
"3859","HADDONFIELD SC BLACK 2012","Soccer","U-12","5","999","HADDONFIELD - CROWS WOODS","S9","Not Set","Not Set",
"4086","HADDONFIELD SC BLACK 2013","Soccer","U-11","5","999","Not Set","Not Set","Not Set","Not Set",
"3949","HADDONFIELD SC BLACK 2014","Soccer","U-10","5","999","Not Set","Not Set","Not Set","Not Set",
"3979","HADDONFIELD SC BLACK 2015","Soccer","U-9","5","999","HADDONFIELD - CROWS WOODS","S7","Not Set","Not Set",
"3723","HADDONFIELD SC FIRE 2016","Soccer","U-8","5","999","Not Set","Not Set","Not Set","Not Set",
"3712","HADDONFIELD SC QUAKES 2016","Soccer","U-8","5","999","Not Set","Not Set","Not Set","Not Set",
"4007","HADDONFIELD SC REBELS 2016","Soccer","U-8","5","999","HADDONFIELD - CROWS WOODS","S7.2","Not Set","Not Set",
"3682","HADDONFIELD SC RED 2009","Soccer","U-15","5","999","Not Set","Not Set","Not Set","Not Listed",
"3678","HADDONFIELD SC RED 2010","Soccer","U-14","5","999","Not Set","Not Set","Not Set","Not Listed",
"3877","HADDONFIELD SC RED 2011","Soccer","U-13","5","999","HADDONFIELD - CROWS WOODS","F1","Not Set","Not Listed",
"4144","HADDONFIELD SC RED 2012","Soccer","U-12","5","999","Not Set","Not Set","Not Set","Not Listed",
"3739","HADDONFIELD SC RED 2013","Soccer","U-11","5","999","HADDONFIELD - CROWS WOODS","S9","Not Set","Not Set",
"3822","HADDONFIELD SC RED 2014","Soccer","U-10","5","999","HADDONFIELD - CROWS WOODS","S7","Not Set","Not Set",
"3732","HADDONFIELD SC RED 2015","Soccer","U-9","5","999","HADDONFIELD - CROWS WOODS","S7","Not Set","Not Set",
"3779","HADDONFIELD SC WHITE 2010","Soccer","U-14","5","999","HADDONFIELD - CROWS WOODS","F1","Not Set","Not Listed",
"4054","HADDONFIELD SC WHITE 2011","Soccer","U-13","5","999","HADDONFIELD - CROWS WOODS","F1","Not Set","Not Listed",
"4031","HADDONFIELD SC WHITE 2012","Soccer","U-12","5","999","Not Set","Not Set","Not Set","Not Listed",
"3883","HADDONFIELD SC WHITE 2013","Soccer","U-11","5","999","Not Set","Not Set","Not Set","Not Set",
"3926","HADDONFIELD SC WHITE 2014","Soccer","U-10","5","999","Not Set","Not Set","Not Set","Not Set",
"3894","HADDONFIELD SC WHITE 2015","Soccer","U-9","5","999","Not Set","Not Set","Not Set","Not Set",
"3764","HAMMONTON YSA HAMMONTON HEAT 2009","Soccer","U-15","5","999","HAMMONTON - MOSS MILL RD PARK SOCCER COMPLEX","F1","Not Set","Not Set",
"3673","HAMMONTON YSA HAMMONTON HEAT 2011","Soccer","U-13","5","999","HAMMONTON - MOSS MILL RD PARK SOCCER COMPLEX","F1","Not Set","Not Set",
"4026","HAMMONTON YSA HAMMONTON HEAT 2013","Soccer","U-11","5","999","Not Set","Not Set","Not Set","Not Set",
"4028","HAMMONTON YSA HAMMONTON HEAT 2014","Soccer","U-10","5","999","Not Set","Not Set","Not Set","Not Listed",
"3668","HAMMONTON YSA HAMMONTON HEAT 2015","Soccer","U-9","5","999","Not Set","Not Set","Not Set","Not Set",
"3793","HARRISON SC  ARSENAL 2011","Soccer","U-13","5","999","HARRISON - William Wilt Soccer Complex","F1","Not Set","Not Set",
"3884","HARRISON SC  BLUE DEVILS 2009","Soccer","U-15","5","999","HARRISON - William Wilt Soccer Complex","F2","Not Set","Not Set",
"3738","HARRISON SC  LIGHTNING 2013","Soccer","U-11","5","999","Not Set","Not Set","Not Set","Not Set",
"4109","HARRISON SC  STORM 2010","Soccer","U-14","5","999","HARRISON - William Wilt Soccer Complex","F2","Not Set","Not Set",
"4045","HARRISON SC  STRIKERS 2012","Soccer","U-12","5","999","HARRISON - William Wilt Soccer Complex","S9","Not Set","Not Set",
"3688","HARRISON SC  THUNDER 2011","Soccer","U-13","5","999","HARRISON - William Wilt Soccer Complex","F1","Not Set","Not Set",
"4200","HARRISON SC EDP/G","Soccer","U-15","5","999","Not Set","Not Set","Not Set","Not Set",
"4093","HARRISON SC HARRISON BLUE ARSENAL 2015","Soccer","U-9","5","999","Not Set","Not Set","Not Set","Not Set",
"3719","HARRISON SC HARRISON BLUE REBELS 2015","Soccer","U-9","5","999","Not Set","Not Set","Not Set","Not Set",
"3759","HARRISON SC HARRISON BLUE SNAKES 2016","Soccer","U-8","5","999","Not Set","Not Set","Not Set","Not Set",
"4088","HARRISON SC HARRISON HORNETS 2016","Soccer","U-8","5","999","Not Set","Not Set","Not Set","Not Set",
"3925","HARRISON SC HARRISON STRIKERS 2014","Soccer","U-10","5","999","HARRISON - William Wilt Soccer Complex","S7","Not Set","Not Set",
"4108","HARRISON SC HARRISON STRIKERS 2015","Soccer","U-9","5","999","Not Set","Not Set","Not Set","Not Set",
"3844","HARRISON SC HARRISON WAVE 2014","Soccer","U-10","5","999","Not Set","Not Set","Not Set","Not Set",
"3921","HARRISON SC HARRISON WILDCATS 2012","Soccer","U-12","5","999","Not Set","Not Set","Not Set","Not Set",
"3901","HARRISON SC HARRISON WOLFPACK 2013","Soccer","U-11","5","999","Not Set","Not Set","Not Set","Not Set",
"4220","HARRISON SURGE EDP/G","Soccer","U-13","5","999","Not Set","Not Set","Not Set","Not Set",
"3909","HIGHLAND YOUTH SOCCER CLUB 2013B CHAOS","Soccer","U-11","5","999","HIGHLAND - GLOUCESTER TWP PARK","S9","Not Set","Not Set",
"3995","HIGHLAND YOUTH SOCCER CLUB BOYS 2016","Soccer","U-8","5","999","Not Set","Not Set","Not Set","Not Set",
"3962","HIGHLAND YOUTH SOCCER CLUB FIRE 2015","Soccer","U-9","5","999","Not Set","Not Set","Not Set","Not Set",
"3975","HIGHLAND YOUTH SOCCER CLUB FORCE 2012","Soccer","U-12","5","999","Not Set","Not Set","Not Set","Not Set",
"3777","HIGHLAND YOUTH SOCCER CLUB FURY 2013","Soccer","U-11","5","999","HIGHLAND - GLOUCESTER TWP PARK","S9","Not Set","Not Set",
"3955","HIGHLAND YOUTH SOCCER CLUB FUSION 2008","Soccer","U-16","5","999","Not Set","Not Set","Not Set","Not Set",
"3865","HIGHLAND YOUTH SOCCER CLUB GALAXY 2008","Soccer","U-16","5","999","HIGHLAND - GLOUCESTER TWP PARK","F1","Not Set","Not Set",
"3726","HIGHLAND YOUTH SOCCER CLUB HURRICANES 2008","Soccer","U-16","5","999","HIGHLAND - GLOUCESTER TWP PARK","F1","Not Set","Not Set",
"3710","HIGHLAND YOUTH SOCCER CLUB MUSTANGS 2012","Soccer","U-12","5","999","Not Set","Not Set","Not Set","Not Set",
"4056","HIGHLAND YOUTH SOCCER CLUB RAPTORS 2010","Soccer","U-14","5","999","HIGHLAND - GLOUCESTER TWP PARK","F1","Not Set","Not Set",
"3410","HIGHLAND YOUTH SOCCER CLUB THRASHERS 2006","Soccer","U-19","5","999","Not Set","Not Set","Not Set","Not Listed",
"3736","HIGHLAND YOUTH SOCCER CLUB THUNDER 2014","Soccer","U-10","5","999","Not Set","Not Set","Not Set","Not Set",
"4238","HILLSBOROUGH EDP/B","Soccer","U-14","5","999","Not Set","Not Set","Not Set","Not Set",
"4212","HORSHAM UNITED EDP/B","Soccer","U-12","5","999","Not Set","Not Set","Not Set","Not Set",
"4201","HOWELL UNITED EDP/G","Soccer","U-15","5","999","Not Set","Not Set","Not Set","Not Set",
"4333","HOWELLUNITED EDP/B","Soccer","U-15","5","999","Not Set","Not Set","Not Set","Not Set",
"4276","HS 7V7 DEPTFORD REBELS","Soccer","D1 U17-U19","5","999","Not Set","Not Set","Not Set","Not Set",
"4277","HS 7V7 DEPTFORD SCORPIONS","Soccer","D1 U17-U19","5","999","Not Set","Not Set","Not Set","Not Set",
"4278","HS 7V7 HADDON HEIGHTS GARNETS ","Soccer","D1 U17-U19","5","999","Not Set","Not Set","Not Set","Not Set",
"4279","HS 7V7 MANTUA UNITED","Soccer","D1 U17-U19","5","999","Not Set","Not Set","Not Set","Not Set",
"4281","HS 7V7 MEDFORD","Soccer","D1 U17-U19","5","999","Not Set","Not Set","Not Set","Not Set",
"4280","HS 7V7 WOODSTOWN WOLVERINES","Soccer","D1 U17-U19","5","999","Not Set","Not Set","Not Set","Not Set",
"2109","JACKSON EDP/B","Soccer","U-12","5","999","Not Set","Not Set","Not Set","Not Set",
"4214","JACKSON FC EDP/B","Soccer","U-13","5","999","Not Set","Not Set","Not Set","Not Set",
"4272","JACKSON SC EDP/B","Soccer","U-12","5","999","Not Set","Not Set","Not Set","Not Set",
"4324","JACKSON WOLFPACK EDP/G","Soccer","U-15","5","999","Not Set","Not Set","Not Set","Not Set",
"4209","KINGSWAY PREMIER EDP/B","Soccer","U-11","5","999","E GREENWICH - THOMPSON FAMILY PARK","S9","Not Set","Not Listed",
"4211","KINGSWAY PREMIER EDP/B","Soccer","U-12","5","999","E GREENWICH - THOMPSON FAMILY PARK","S9","Not Set","Not Listed",
"4195","KINGSWAY PREMIER EDP/B","Soccer","U-14","5","999","E GREENWICH - THOMPSON FAMILY PARK","F1","Not Set","Not Listed",
"4330","KINGSWAY PREMIER EDP/B","Soccer","U-16","5","999","E GREENWICH - THOMPSON FAMILY PARK","F1","Not Set","Not Listed",
"4186","KINGSWAY PREMIER EDP/G","Soccer","U-10","5","999","E GREENWICH - THOMPSON FAMILY PARK","S7","Not Set","Not Listed",
"3083","KINGSWAY PREMIER EDP/G","Soccer","U-11","5","999","E GREENWICH - THOMPSON FAMILY PARK","S9","Not Set","Not Listed",
"1791","KINGSWAY PREMIER EDP/G","Soccer","U-14","5","999","E GREENWICH - THOMPSON FAMILY PARK","F1","Not Set","Not Listed",
"4256","KINGSWAY PREMIER NJYS PRES CUP/G","Soccer","U-14","5","999","E GREENWICH - THOMPSON FAMILY PARK","F1","Not Set","Not Set",
"4190","LANCASTER EDP/B","Soccer","U-12","5","999","Not Set","Not Set","Not Set","Not Listed",
"4337","LIONSVILLE EDP/B","Soccer","U-17","5","999","Not Set","Not Set","Not Set","Not Set",
"4187","LIVERPOOL EDP/G","Soccer","U-10","5","999","Not Set","Not Set","Not Set","Not Set",
"4233","LIVERPOOL EDP/G","Soccer","U-13","5","999","Not Set","Not Set","Not Set","Not Set",
"4226","LIVERPOOL EDP/G","Soccer","U-14","5","999","Not Set","Not Set","Not Set","Not Set",
"4124","LOGAN SOCCER CLUB  LOGAN APOLLO 2016","Soccer","U-8","5","999","LOGAN - TWP LINE","S7","Not Set","Not Set",
"4104","LOGAN SOCCER CLUB  LOGAN ARMADA 2015","Soccer","U-9","5","999","Not Set","Not Set","Not Set","Not Set",
"3932","LOGAN SOCCER CLUB  LOGAN BLAZE 2011","Soccer","U-13","5","999","Not Set","Not Set","Not Set","Not Set",
"4082","LOGAN SOCCER CLUB  LOGAN BRIGADE 2015","Soccer","U-9","5","999","Not Set","Not Set","Not Set","Not Set",
"4114","LOGAN SOCCER CLUB  LOGAN CHARGE 2014","Soccer","U-10","5","999","Not Set","Not Set","Not Set","Not Set",
"3911","LOGAN SOCCER CLUB  LOGAN FLASH 2013","Soccer","U-11","5","999","Not Set","Not Set","Not Set","Not Set",
"3687","LOGAN SOCCER CLUB  LOGAN FORCE 2012","Soccer","U-12","5","999","Not Set","Not Set","Not Set","Not Set",
"3920","LOGAN SOCCER CLUB  LOGAN FUSION 2012","Soccer","U-12","5","999","LOGAN - TWP LINE","S9","Not Set","Not Set",
"3797","LOGAN SOCCER CLUB  LOGAN LIGHTNING 2014","Soccer","U-10","5","999","Not Set","Not Set","Not Set","Not Set",
"3714","LOGAN SOCCER CLUB  LOGAN REBELS 2009","Soccer","U-15","5","999","Not Set","Not Set","Not Set","Not Listed",
"4066","LOGAN SOCCER CLUB  LOGAN SUPERNOVA 2016","Soccer","U-8","5","999","LOGAN - TWP LINE","S7","Not Set","Not Set",
"4312","LOWER MERION EDP/B","Soccer","U-12","5","999","Not Set","Not Set","Not Set","Not Set",
"3980","MAINLAND UNITED SA  BRONCOS 2015","Soccer","U-9","5","999","Not Set","Not Set","Not Set","Not Set",
"3227","MAINLAND UNITED SA  MUSTANGS 2011 B","Soccer","U-13","5","999","Not Set","Not Set","Not Set","Not Listed",
"4089","MAINLAND UNITED SA  MUSTANGS 2012 B","Soccer","U-12","5","999","MAINLAND - POPLAR AVE","S2","Not Set","Not Set",
"4103","MAINLAND UNITED SA  MUSTANGS 2013 B","Soccer","U-11","5","999","MAINLAND - POPLAR AVE","S2","Not Set","Not Set",
"3812","MAINLAND UNITED SA  MUSTANGS 2014 B","Soccer","U-11","5","999","Not Set","Not Set","Not Set","Not Set",
"4059","MAINLAND UNITED SA  MUSTANGS 2016 B","Soccer","U-8","5","999","Not Set","Not Set","Not Set","Not Set",
"4110","MAINLAND UNITED SA  SHARKS 2010","Soccer","U-14","5","999","Not Set","Not Set","Not Set","Not Set",
"4111","MAINLAND UNITED SA  STANGS 2012","Soccer","U-12","5","999","MAINLAND - POPLAR AVE","S2","Not Set","Not Set",
"4112","MAINLAND UNITED SA  STANGS 2013","Soccer","U-11","5","999","MAINLAND - POPLAR AVE","S2","Not Set","Not Set",
"3724","MAINLAND UNITED SA MAINLAND UNITED MUSTANGS 2015 B","Soccer","U-9","5","999","Not Set","Not Set","Not Set","Not Set",
"4163","MAINLAND UNITED SA MAINLAND UNITED STALLIONS 2014 ","Soccer","U-10","5","999","Not Set","Not Set","Not Set","Not Listed",
"3786","MAINLAND UNITED SA MAINLAND UNITED STANGS 2010-11 ","Soccer","U-14","5","999","Not Set","Not Set","Not Set","Not Listed",
"3953","MANTUA TOWNSHIP SA  FROGS 2015","Soccer","U-9","5","999","Not Set","Not Set","Not Set","Not Set",
"4134","MANTUA TOWNSHIP SA  FURY 2012","Soccer","U-12","5","999","MANTUA TWP","S9","Not Set","Not Set",
"4118","MANTUA TOWNSHIP SA  MAMBAS 2016","Soccer","U-8","5","999","Not Set","Not Set","Not Set","Not Set",
"3799","MANTUA TOWNSHIP SA  OUTLAWS 2014","Soccer","U-10","5","999","MANTUA TWP","S7","Not Set","Not Set",
"3933","MANTUA TOWNSHIP SA  PREDATORS 2014","Soccer","U-10","5","999","MANTUA TWP","S7","Not Set","Not Set",
"3905","MANTUA TOWNSHIP SA  STRIKERS 2009","Soccer","U-15","5","999","MANTUA TWP","F1","Not Set","Not Set",
"3701","MANTUA TOWNSHIP SA  UNION 2011","Soccer","U-13","5","999","Not Set","Not Set","Not Set","Not Set",
"4136","MANTUA TOWNSHIP SA  WOLVES 2013","Soccer","U-11","5","999","MANTUA TWP","S9","Not Set","Not Set",
"4317","MANTUA TOWNSHIP SA MTSA UNITED","Soccer","U-18","5","999","MANTUA TWP","F1","Not Set","Not Set",
"3693","MAPLE SHADE SC MAPLE SHADE BLUE FLAMES 2009","Soccer","U-15","5","999","Not Set","Not Set","Not Set","Not Set",
"4150","MAPLE SHADE SC MAPLE SHADE FORCE 2013","Soccer","U-11","5","999","Not Set","Not Set","Not Set","Not Set",
"3788","MAPLE SHADE SC MAPLE SHADE SHARKS 2016","Soccer","U-8","5","999","Not Set","Not Set","Not Set","Not Set",
"3984","MAPLE SHADE SC MAPLE SHADE WILD 2015","Soccer","U-9","5","999","Not Set","Not Set","Not Set","Not Set",
"4262","MARLBORO EDP/B","Soccer","U-14","5","999","Not Set","Not Set","Not Set","Not Set",
"4140","MARLTON SOCCER CLUB MARLTON SC CHIEFS BLACK 2012","Soccer","U-12","5","999","MARLTON - MEMORIAL","S9","Not Set","Not Listed",
"4147","MARLTON SOCCER CLUB MARLTON SC CHIEFS BLACK 2013","Soccer","U-11","5","999","MARLTON - MEMORIAL","S9","Not Set","Not Listed",
"3800","MARLTON SOCCER CLUB MARLTON SC CHIEFS BLACK 2014","Soccer","U-10","5","999","Not Set","Not Set","Not Set","Not Set",
"3725","MARLTON SOCCER CLUB MARLTON SC CHIEFS ORANGE 2006","Soccer","U-19","5","999","Not Set","Not Set","Not Set","Not Set",
"3692","MARLTON SOCCER CLUB MARLTON SC CHIEFS ORANGE 2009","Soccer","U-15","5","999","MARLTON - MEMORIAL","F1","Not Set","Not Listed",
"3826","MARLTON SOCCER CLUB MARLTON SC CHIEFS ORANGE 2012","Soccer","U-12","5","999","Not Set","Not Set","Not Set","Not Listed",
"3993","MARLTON SOCCER CLUB MARLTON SC CHIEFS ORANGE 2014","Soccer","U-10","5","999","MARLTON - MEMORIAL","S7","Not Set","Not Listed",
"3988","MARLTON SOCCER CLUB MARLTON SC CHIEFS ORANGE 2015","Soccer","U-9","5","999","Not Set","Not Set","Not Set","Not Listed",
"4077","MARLTON SOCCER CLUB MARLTON SC CHIEFS ORANGE 2016","Soccer","U-8","5","999","MARLTON - MEMORIAL","S7","Not Set","Not Set",
"4149","MARLTON SOCCER CLUB MARLTON SC CHIEFS SILVER 2013","Soccer","U-11","5","999","MARLTON - MEMORIAL","S9","Not Set","Not Listed",
"3814","MARLTON SOCCER CLUB MARLTON SC CHIEFS WHITE 2010","Soccer","U-14","5","999","Not Set","Not Set","Not Set","Not Listed",
"4142","MARLTON SOCCER CLUB MARLTON SC CHIEFS WHITE 2012","Soccer","U-12","5","999","Not Set","Not Set","Not Set","Not Listed",
"4159","MARLTON SOCCER CLUB MARLTON SC CHIEFS WHITE 2013","Soccer","U-11","5","999","MARLTON - MEMORIAL","S9","Not Set","Not Listed",
"3850","MARLTON SOCCER CLUB MARLTON SC CHIEFS WHITE 2014","Soccer","U-10","5","999","Not Set","Not Set","Not Set","Not Listed",
"3830","MARLTON SOCCER CLUB MARLTON SC CHIEFS WHITE 2015","Soccer","U-9","5","999","MARLTON - MEMORIAL","S7","Not Set","Not Set",
"4224","MATCH FIT EDP/G","Soccer","U-14","5","999","Not Set","Not Set","Not Set","Not Set",
"4314","MATCH FIT EDP/G","Soccer","U-15","5","999","Not Set","Not Set","Not Set","Not Set",
"4208","MEDFORD EDP/B","Soccer","U-14","5","999","Not Set","Not Set","Not Set","Not Set",
"3206","MEDFORD SC  ARSENAL 2005","Soccer","U-19","5","999","Not Set","Not Set","Not Set","Not Listed",
"3961","MEDFORD SC  AVENGERS 2014","Soccer","U-10","5","999","Not Set","Not Set","Not Set","Not Set",
"4015","MEDFORD SC  BLUE DEVILS 2013","Soccer","U-11","5","999","MEDFORD - BENDE PARK","S9","Not Set","Not Set",
"4100","MEDFORD SC  CAROLINA 2014","Soccer","U-10","5","999","Not Set","Not Set","Not Set","Not Set",
"3674","MEDFORD SC  COLUMBIA 2011","Soccer","U-13","5","999","Not Set","Not Set","Not Set","Not Set",
"4037","MEDFORD SC  COLUMBIA 2015","Soccer","U-9","5","999","Not Set","Not Set","Not Set","Not Set",
"3895","MEDFORD SC  COLUMBIA 2016","Soccer","U-8","5","999","MEDFORD - BENDE PARK","S7","Not Set","Not Set",
"3893","MEDFORD SC  DESTROYERS 2012","Soccer","U-12","5","999","Not Set","Not Set","Not Set","Not Set",
"3676","MEDFORD SC  GOLD 2009","Soccer","U-15","5","999","Not Set","Not Set","Not Set","Not Set",
"3840","MEDFORD SC  GOLD 2014","Soccer","U-10","5","999","Not Set","Not Set","Not Set","Not Set",
"3773","MEDFORD SC  GOLD 2015","Soccer","U-9","5","999","MEDFORD - BENDE PARK","S7","Not Set","Not Set",
"4032","MEDFORD SC  GOLD 2016","Soccer","U-8","5","999","MEDFORD - BENDE PARK","S7","Not Set","Not Set",
"3729","MEDFORD SC  MAD DOGS WHITE 2010","Soccer","U-14","5","999","Not Set","Not Set","Not Set","Not Set",
"3900","MEDFORD SC  MAYHEM 2013","Soccer","U-11","5","999","MEDFORD - BENDE PARK","S9","Not Set","Not Set",
"4078","MEDFORD SC  NAVY 2016","Soccer","U-8","5","999","Not Set","Not Set","Not Set","Not Set",
"4063","MEDFORD SC  RENEGADES 2011","Soccer","U-13","5","999","Not Set","Not Set","Not Set","Not Set",
"3853","MEDFORD SC  UNION 2013","Soccer","U-11","5","999","Not Set","Not Set","Not Set","Not Set",
"4319","MEDFORD SC  WHITE 2008","Soccer","U-18","5","999","MEDFORD - BENDE PARK","S9","Not Set","Not Set",
"3990","MEDFORD SC  WHITE 2015","Soccer","U-9","5","999","Not Set","Not Set","Not Set","Not Set",
"3964","MEDFORD SC  WHITE 2016","Soccer","U-8","5","999","Not Set","Not Set","Not Set","Not Set",
"4306","MEDFORD SC NAVY NJYS PRES CUP/B","Soccer","U-12","5","999","Not Set","Not Set","Not Set","Not Set",
"4303","MEDFORD SKY BLUE NJYS PRES CUP/G","Soccer","U-14","5","999","Not Set","Not Set","Not Set","Not Set",
"4267","MEDFORD STRIKERS EDP/B","Soccer","U-15","5","999","Not Set","Not Set","Not Set","Not Set",
"4340","MEDFORD STRIKERS EDP/G","Soccer","U-16","5","999","Not Set","Not Set","Not Set","Not Set",
"3689","MEDFORD STRIKERS SC MEDFORD STRIKERS 2011 BOYS","Soccer","U-13","5","999","Not Set","Not Set","Not Set","Not Listed",
"3957","MEDFORD STRIKERS SC MEDFORD STRIKERS 2013 BOYS","Soccer","U-11","5","999","Not Set","Not Set","Not Set","Not Set",
"4080","MEDFORD STRIKERS SC MEDFORD STRIKERS 2015 BOYS","Soccer","U-9","5","999","Not Set","Not Set","Not Set","Not Set",
"4002","MILLVILLE SA MILLVILLE LYNX","Soccer","U-12","5","999","Not Set","Not Set","Not Set","Not Set",
"3703","MILLVILLE SA MILLVILLE PHANTOMS","Soccer","U-16","5","999","Not Set","Not Set","Not Set","Not Set",
"4050","MILLVILLE SA MILLVILLE PREDATORS 2015","Soccer","U-9","5","999","Not Set","Not Set","Not Set","Not Set",
"4022","MILLVILLE SA MILLVILLE RAPTORS 2009","Soccer","U-15","5","999","Not Set","Not Set","Not Set","Not Set",
"4167","MILLVILLE SA MILLVILLE REBELS 2013","Soccer","U-11","5","999","Not Set","Not Set","Not Set","Not Set",
"4053","MILLVILLE SA MILLVILLE VENOM 2010","Soccer","U-14","5","999","Not Set","Not Set","Not Set","Not Set",
"3967","MILLVILLE SA MILLVILLE WARRIORS 2015","Soccer","U-9","5","999","MILLVILLE SOCCER COMPLEX","S7","Not Set","Not Set",
"4332","MLU EDP/B","Soccer","U-17","5","999","Not Set","Not Set","Not Set","Not Set",
"4234","MONMOUTH UNITED EDP/G","Soccer","U-13","5","999","Not Set","Not Set","Not Set","Not Set",
"4309","MONROE EDP/B","Soccer","U-14","5","999","MONROE TWP - CORKERY LANE","F1","Not Set","Not Listed",
"4192","MONROE EDP/B","Soccer","U-15","5","999","Not Set","Not Set","Not Set","Not Listed",
"4206","MONROE EDP/G","Soccer","U-14","5","999","Not Set","Not Set","Not Set","Not Set",
"3718","MONROE TOWNSHIP YS 2015 UNITED BLUE","Soccer","U-9","5","999","MONROE TWP - CORKERY LANE","S7","Not Set","Not Set",
"3963","MONROE TOWNSHIP YS MONROE UNITED 2016 BOYS","Soccer","U-8","5","999","MONROE TWP - CORKERY LANE","S7","Not Set","Not Set",
"4172","MONROE TOWNSHIP YS UNITED 2012","Soccer","U-12","5","999","MONROE TWP - CORKERY LANE","S9","Not Set","Not Set",
"4170","MONROE TOWNSHIP YS UNITED 2013","Soccer","U-11","5","999","MONROE TWP - CORKERY LANE","S9","Not Set","Not Set",
"3845","MONROE TOWNSHIP YS UNITED 2014","Soccer","U-10","5","999","MONROE TWP - CORKERY LANE","S7","Not Set","Not Set",
"3727","MONROE TOWNSHIP YS UNITED BLUE 2008","Soccer","U-16","5","999","Not Set","Not Set","Not Set","Not Set",
"3940","MONROE TOWNSHIP YS UNITED BOYS 2011 BLUE","Soccer","U-13","5","999","MONROE TWP - CORKERY LANE","F1","Not Set","Not Set",
"4165","MONROE TOWNSHIP YS UNITED BOYS 2013 BLUE","Soccer","U-11","5","999","MONROE TWP - CORKERY LANE","S9","Not Set","Not Set",
"4020","MONROE TOWNSHIP YS UNITED BOYS 2014 BLUE","Soccer","U-10","5","999","Not Set","Not Set","Not Set","Not Set",
"4079","MONROE TOWNSHIP YS UNITED BOYS 2015","Soccer","U-9","5","999","MONROE TWP - CORKERY LANE","S7","Not Set","Not Set",
"3775","MONROE TOWNSHIP YS UNITED WHITE 2011","Soccer","U-13","5","999","MONROE TWP - CORKERY LANE","F1","Not Set","Not Set",
"4229","MONROE YS EDP/B","Soccer","U-12","5","999","MONROE TWP - CORKERY LANE","S9","Not Set","Not Set",
"4232","MONROE YS EDP/G","Soccer","U-13","5","999","MONROE TWP - CORKERY LANE","F1","Not Set","Not Set",
"4230","MONROE YS EDP/G","Soccer","U-14","5","999","MONROE TWP - CORKERY LANE","F1","Not Set","Not Set",
"4259","MONROE YS NJYS PRES CUP/B","Soccer","U-12","5","999","MONROE TWP - CORKERY LANE","S9","Not Set","Not Set",
"4090","MOORESTOWN SC BLACK DRAGONS 2012","Soccer","U-12","5","999","Not Set","Not Set","Not Set","Not Listed",
"4044","MOORESTOWN SC BLACK KNIGHTS 2011","Soccer","U-13","5","999","MOORESTOWN - MEMORIAL FIELDS","F1","Not Set","Not Listed",
"3684","MOORESTOWN SC FALCONS 2013","Soccer","U-11","5","999","MOORESTOWN - SALEM RD/PRYOR PARK","S1","Not Set","Not Set",
"4178","MOORESTOWN SC GOLDEN EAGLES 2013","Soccer","U-11","5","999","Not Set","Not Set","Not Set","Not Listed",
"4065","MOORESTOWN SC GUARDIANS 2014","Soccer","U-10","5","999","Not Set","Not Set","Not Set","Not Set",
"3774","MOORESTOWN SC HORNETS 2015","Soccer","U-9","5","999","Not Set","Not Set","Not Set","Not Set",
"3808","MOORESTOWN SC LIGHTNING 2011","Soccer","U-13","5","999","Not Set","Not Set","Not Set","Not Set",
"3851","MOORESTOWN SC MAMBAS 2013","Soccer","U-11","5","999","Not Set","Not Set","Not Set","Not Set",
"3810","MOORESTOWN SC MANTA RAYS 2015","Soccer","U-9","5","999","Not Set","Not Set","Not Set","Not Set",
"3938","MOORESTOWN SC PANTHERS 2016","Soccer","U-8","5","999","MOORESTOWN - MEMORIAL FIELDS","S7","Not Set","Not Set",
"4148","MOORESTOWN SC RAPTORS 2013","Soccer","U-11","5","999","Not Set","Not Set","Not Set","Not Listed",
"3939","MOORESTOWN SC THUNDER STRIKERS 2016","Soccer","U-8","5","999","Not Set","Not Set","Not Set","Not Set",
"3947","MOORESTOWN SC VIPERS 2015","Soccer","U-9","5","999","Not Set","Not Set","Not Set","Not Set",
"3891","MOORESTOWN SC WOLFPACK 2016","Soccer","U-8","5","999","Not Set","Not Set","Not Set","Not Set",
"3766","MOORESTOWN SC WOLVERINES 2014","Soccer","U-10","5","999","MOORESTOWN - MEMORIAL FIELDS","S7","Not Set","Not Set",
"4287","MOUNT LAUREL UNITED (MLU) COBRAS 2014","Soccer","U-10","5","999","Not Set","Not Set","Not Set","Not Set",
"4291","MOUNT LAUREL UNITED (MLU) COMETS 2013","Soccer","U-11","5","999","Not Set","Not Set","Not Set","Not Set",
"4293","MOUNT LAUREL UNITED (MLU) FLASH 2011","Soccer","U-13","5","999","Not Set","Not Set","Not Set","Not Set",
"4296","MOUNT LAUREL UNITED (MLU) FORCE 2010","Soccer","U-14","5","999","Not Set","Not Set","Not Set","Not Set",
"4289","MOUNT LAUREL UNITED (MLU) GALAXY 2013","Soccer","U-11","5","999","Not Set","Not Set","Not Set","Not Set",
"4282","MOUNT LAUREL UNITED (MLU) GLADIATORS 2016","Soccer","U-8","5","999","Not Set","Not Set","Not Set","Not Set",
"4294","MOUNT LAUREL UNITED (MLU) HAWKS 2012","Soccer","U-13","5","999","Not Set","Not Set","Not Set","Not Set",
"4292","MOUNT LAUREL UNITED (MLU) IMPACT 2012","Soccer","U-12","5","999","Not Set","Not Set","Not Set","Not Set",
"4285","MOUNT LAUREL UNITED (MLU) KNIGHTS 2015","Soccer","U-9","5","999","Not Set","Not Set","Not Set","Not Set",
"4288","MOUNT LAUREL UNITED (MLU) LIGHTNING 2014","Soccer","U-10","5","999","Not Set","Not Set","Not Set","Not Set",
"4297","MOUNT LAUREL UNITED (MLU) MAYHEM 2009","Soccer","U-14","5","999","Not Set","Not Set","Not Set","Not Set",
"3278","MOUNT LAUREL UNITED (MLU) OUNT LAUREL UNITED (MLU)","Soccer","U-10","5","999","MLU-TROTTERS","S7","Not Set","Not Listed",
"3370","MOUNT LAUREL UNITED (MLU) OUNT LAUREL UNITED (MLU)","Soccer","U-11","5","999","Not Set","Not Set","Not Set","Not Listed",
"3463","MOUNT LAUREL UNITED (MLU) OUNT LAUREL UNITED (MLU)","Soccer","U-12","5","999","Not Set","Not Set","Not Set","Not Listed",
"3407","MOUNT LAUREL UNITED (MLU) OUNT LAUREL UNITED (MLU)","Soccer","U-13","5","999","Not Set","Not Set","Not Set","Not Listed",
"3467","MOUNT LAUREL UNITED (MLU) OUNT LAUREL UNITED (MLU)","Soccer","U-14","5","999","MLU-TROTTERS","F1","Not Set","Not Listed",
"3229","MOUNT LAUREL UNITED (MLU) OUNT LAUREL UNITED (MLU)","Soccer","U-15","5","999","Not Set","Not Set","Not Set","Not Listed",
"3366","MOUNT LAUREL UNITED (MLU) OUNT LAUREL UNITED (MLU)","Soccer","U-8","5","999","MLU-TROTTERS","S7","Not Set","Not Listed",
"3262","MOUNT LAUREL UNITED (MLU) OUNT LAUREL UNITED (MLU)","Soccer","U-9","5","999","Not Set","Not Set","Not Set","Not Listed",
"4283","MOUNT LAUREL UNITED (MLU) REVOLUTION 2016","Soccer","U-8","5","999","Not Set","Not Set","Not Set","Not Set",
"4286","MOUNT LAUREL UNITED (MLU) SHARKS 2015","Soccer","U-9","5","999","Not Set","Not Set","Not Set","Not Set",
"4290","MOUNT LAUREL UNITED (MLU) TIGERS 2013","Soccer","U-11","5","999","Not Set","Not Set","Not Set","Not Set",
"4295","MOUNT LAUREL UNITED (MLU) WARRIORS 2011","Soccer","U-13","5","999","Not Set","Not Set","Not Set","Not Set",
"4284","MOUNT LAUREL UNITED (MLU) WOLFPACK 2015","Soccer","U-9","5","999","Not Set","Not Set","Not Set","Not Set",
"4322","NJ BLAZE EDP/B","Soccer","U-14","5","999","Not Set","Not Set","Not Set","Not Set",
"4304","NJ BLAZE EDP/G","Soccer","U-11","5","999","Not Set","Not Set","Not Set","Not Set",
"4249","NJ SURF MARLTON","Soccer","U-14","5","999","Not Set","Not Set","Not Set","Not Set",
"4251","NORTH PLAINFIELD EDP","Soccer","U-15","5","999","Not Set","Not Set","Not Set","Not Set",
"3976","NORTHERN BURLINGTON SA  BLAST 2010","Soccer","U-14","5","999","NB- MANSFIELD TOWNSHIP ELEMENTARY SCHOOL","F1","Not Set","Not Set",
"3991","NORTHERN BURLINGTON SA  BLUE DEVILS II 2014","Soccer","U-10","5","999","NB- MANSFIELD TOWNSHIP ELEMENTARY SCHOOL","S7","Not Set","Not Set",
"4139","NORTHERN BURLINGTON SA  BLUES 2013","Soccer","U-11","5","999","Not Set","Not Set","Not Set","Not Set",
"3906","NORTHERN BURLINGTON SA  BULLDOGS 2009","Soccer","U-15","5","999","Not Set","Not Set","Not Set","Not Set",
"3695","NORTHERN BURLINGTON SA  GUNNERS 2013","Soccer","U-11","5","999","NB- MANSFIELD TOWNSHIP ELEMENTARY SCHOOL","S9","Not Set","Not Set",
"3945","NORTHERN BURLINGTON SA  HOOLIGANS 2011","Soccer","U-13","5","999","Not Set","Not Set","Not Set","Not Set",
"3835","NORTHERN BURLINGTON SA  RANGERS 2012","Soccer","U-12","5","999","NB- MANSFIELD TOWNSHIP ELEMENTARY SCHOOL","S9","Not Set","Not Set",
"3257","NORTHERN BURLINGTON SA NORTHERN BURLINGTON BOOM 20","Soccer","U-8","5","999","Not Set","Not Set","Not Set","Not Listed",
"2341","NORTHERN BURLINGTON SA NORTHERN BURLINGTON JACKALS","Soccer","U-9","5","999","Not Set","Not Set","Not Set","Not Listed",
"4194","PA CLASSICS EDP/B","Soccer","U-9","5","999","Not Set","Not Set","Not Set","Not Set",
"3685","PALMYRA RIVERTON SC HURRICANES 2013","Soccer","U-11","5","999","Not Set","Not Set","Not Set","Not Set",
"4041","PALMYRA RIVERTON SC NATIONALS 2015","Soccer","U-9","5","999","PAL RIV - Riverton Park","S7","Not Set","Not Set",
"4006","PALMYRA RIVERTON SC TORNADOES 2014","Soccer","U-10","5","999","Not Set","Not Set","Not Set","Not Set",
"3691","PALMYRA RIVERTON SC UNION 2010","Soccer","U-14","5","999","Not Set","Not Set","Not Set","Not Set",
"4071","PALMYRA RIVERTON SC WARRIORS 2011","Soccer","U-13","5","999","Not Set","Not Set","Not Set","Not Set",
"4123","PALMYRA RIVERTON SC YOUNGBLOODS 2013","Soccer","U-11","5","999","Not Set","Not Set","Not Set","Not Listed",
"4244","PALUMBO EDP/B","Soccer","U-12","5","999","Not Set","Not Set","Not Set","Not Set",
"4308","PDA EDP/B","Soccer","U-15","5","999","Not Set","Not Set","Not Set","Not Set",
"4061","PEMBERTON SC  PUNISHERS","Soccer","U-13","5","999","Not Set","Not Set","Not Set","Not Set",
"4227","PENN FC EDP/G","Soccer","U-13","5","999","Not Set","Not Set","Not Set","Not Set",
"3713","PENNS GROVE SC  HEAT 2009","Soccer","U-15","5","999","PG-CP-PED- Carney's Point Rec Center","F1","Not Set","Not Set",
"4017","PENNS GROVE SC  RAGE 2011","Soccer","U-13","5","999","PG-CP-PED- Carney's Point Rec Center","F1","Not Set","Not Set",
"3409","PENNS GROVE SC  STORM 2006","Soccer","U-19","5","999","PG-CP-PED- Carney's Point Rec Center","F1","Not Set","Not Listed",
"4081","PENNS GROVE SC PENNS GROVE LIGHTNING 2015","Soccer","U-9","5","999","PG-CP-PED- Carney's Point Rec Center","S7","Not Set","Not Set",
"3996","PENNS GROVE SC PENNS GROVE WILD 2013","Soccer","U-11","5","999","PG-CP-PED- Carney's Point Rec Center","S9","Not Set","Not Set",
"3849","PENNSAUKEN YOUTH SOCCER CLUB AVENGERS 2014","Soccer","U-10","5","999","Pennsauken Community Recreation Facility","S7","Not Set","Not Set",
"3750","PENNSAUKEN YOUTH SOCCER CLUB CYCLONES 2010","Soccer","U-14","5","999","Not Set","Not Set","Not Set","Not Set",
"4030","PENNSAUKEN YOUTH SOCCER CLUB LIONS 2015","Soccer","U-9","5","999","Not Set","Not Set","Not Set","Not Set",
"3737","PENNSAUKEN YOUTH SOCCER CLUB REBELS 2013","Soccer","U-11","5","999","Pennsauken Community Recreation Facility","S9","Not Set","Not Set",
"3698","PENNSAUKEN YOUTH SOCCER CLUB STORM 2009","Soccer","U-15","5","999","Pennsauken Community Recreation Facility","F1","Not Set","Not Set",
"3861","PENNSAUKEN YOUTH SOCCER CLUB WARRIORS 2011","Soccer","U-13","5","999","Pennsauken Community Recreation Facility","F1","Not Set","Not Set",
"4174","PENNSVILLE SOCCER ASSOCIATION EAGLES 2010 U14","Soccer","U-14","5","999","Not Set","Not Set","Not Set","Not Set",
"3709","PENNSVILLE SOCCER ASSOCIATION EAGLES 2012","Soccer","U-12","5","999","PENNSVILLE","S9","Not Set","Not Set",
"3734","PENNSVILLE SOCCER ASSOCIATION EAGLES 2013","Soccer","U-11","5","999","Not Set","Not Set","Not Set","Not Set",
"4005","PENNSVILLE SOCCER ASSOCIATION EAGLES 2014","Soccer","U-10","5","999","PENNSVILLE","S7","Not Set","Not Set",
"3951","PENNSVILLE SOCCER ASSOCIATION PENNSVILLE EAGLES 20","Soccer","U-9","5","999","PENNSVILLE","S7","Not Set","Not Listed",
"4073","PENNSVILLE SOCCER ASSOCIATION PENNSVILLE EAGLES CO","Soccer","U-10","5","999","PENNSVILLE","S7","Not Set","Not Listed",
"3742","PITMAN SA  BENGALS 2014","Soccer","U-10","5","999","Not Set","Not Set","Not Set","Not Set",
"3929","PITMAN SA  BOBCATS 2016","Soccer","U-8","5","999","PITMAN - Dell","S7","Not Set","Not Set",
"4153","PITMAN SA  JAGUARS 2012","Soccer","U-12","5","999","Not Set","Not Set","Not Set","Not Set",
"4034","PITMAN SA  LIONS 2009","Soccer","U-15","5","999","PITMAN - ALCYON LAKE","F1","Not Set","Not Set",
"3757","PITMAN SA  PUMAS 2010","Soccer","U-14","5","999","PITMAN - ALCYON LAKE","F1","Not Set","Not Set",
"3802","PITMAN SA  TIGERS 2013","Soccer","U-11","5","999","Not Set","Not Set","Not Set","Not Set",
"3882","PITMAN SA  TOMCATS 2013","Soccer","U-11","5","999","PITMAN - ALCYON LAKE","S9","Not Set","Not Set",
"4029","PITMAN SA  WILDCATS 2015","Soccer","U-9","5","999","PITMAN - Dell","S7","Not Set","Not Set",
"3886","PITMAN SA PANTHERS 2011","Soccer","U-13","5","999","PITMAN - ALCYON LAKE","F1","Not Set","Not Set",
"4161","PITTSGROVE SOCCER CLUB PSC CRUSH '10","Soccer","U-14","5","999","PITTSGROVE-GREEN BRANCH","F1","Not Set","Not Set",
"3699","PITTSGROVE SOCCER CLUB PSC FORCE '09","Soccer","U-15","5","999","Not Set","Not Set","Not Set","Not Set",
"4083","PITTSGROVE SOCCER CLUB PSC GALAXY 2015","Soccer","U-9","5","999","PITTSGROVE-GREEN BRANCH","S7","Not Set","Not Set",
"3965","PITTSGROVE SOCCER CLUB PSC MAVERICKS '14","Soccer","U-10","5","999","PITTSGROVE-GREEN BRANCH","S7","Not Set","Not Set",
"3837","PITTSGROVE SOCCER CLUB PSC PHANTOMS '14","Soccer","U-10","5","999","PITTSGROVE-GREEN BRANCH","S7","Not Set","Not Set",
"4121","PITTSGROVE SOCCER CLUB PSC PRIME '16","Soccer","U-8","5","999","Not Set","Not Set","Not Set","Not Set",
"4137","PITTSGROVE SOCCER CLUB PSC PYTHONS '13","Soccer","U-11","5","999","Not Set","Not Set","Not Set","Not Set",
"4157","PITTSGROVE SOCCER CLUB PSC REBELS '12","Soccer","U-12","5","999","Not Set","Not Set","Not Set","Not Set",
"4016","PITTSGROVE SOCCER CLUB PSC REVOLUTION '13","Soccer","U-11","5","999","Not Set","Not Set","Not Set","Not Set",
"3694","PITTSGROVE SOCCER CLUB PSC SPURS '12","Soccer","U-12","5","999","Not Set","Not Set","Not Set","Not Set",
"3821","PITTSGROVE SOCCER CLUB PSC WARRIORS '12","Soccer","U-12","5","999","Not Set","Not Set","Not Set","Not Set",
"3876","PITTSGROVE SOCCER CLUB PSC WOLVES '11","Soccer","U-13","5","999","Not Set","Not Set","Not Set","Not Set",
"4339","PRINCETON ROMA EDP/G","Soccer","U-16","5","999","Not Set","Not Set","Not Set","Not Set",
"4327","PRINCETON SA EDP/B","Soccer","U-13","5","999","Not Set","Not Set","Not Set","Not Set",
"4321","PRINCETON SA EDP/G","Soccer","U-13","5","999","Not Set","Not Set","Not Set","Not Set",
"4247","RANCOCAS VALLEY EDP/B","Soccer","U-13","5","999","Not Set","Not Set","Not Set","Not Set",
"2182","RANCOCAS VALLEY EDP/G","Soccer","U-13","5","999","Not Set","Not Set","Not Set","Not Set",
"3621","RANCOCAS VALLEY EDP/G","Soccer","U-14","5","999","Not Set","Not Set","Not Set","Not Set",
"4257","RANCOCAS VALLEY NJYS PRES CUP/G","Soccer","U-14","5","999","Not Set","Not Set","Not Set","Not Set",
"4099","RANCOCAS VALLEY SC  '14 - CELTIC","Soccer","U-10","5","999","Rancocas Valley-LUMBERTON MUNICIPAL","S7","Not Set","Not Set",
"3839","RANCOCAS VALLEY SC  '14 - FOREST","Soccer","U-10","5","999","Rancocas Valley-LUMBERTON MUNICIPAL","S7","Not Set","Not Set",
"4116","RANCOCAS VALLEY SC  AVENGERS 2012","Soccer","U-12","5","999","Not Set","Not Set","Not Set","Not Set",
"3898","RANCOCAS VALLEY SC  BOYS 2010 (NEW)","Soccer","U-14","5","999","Rancocas Vallley-HAINESPORT MUNICIPAL PARK","F1","Not Set","Not Set",
"4018","RANCOCAS VALLEY SC  BOYS 2011 (NEW)","Soccer","U-13","5","999","Not Set","Not Set","Not Set","Not Set",
"3972","RANCOCAS VALLEY SC  BOYS STEALTH 2015","Soccer","U-9","5","999","Rancocas Valley-LUMBERTON MUNICIPAL","S7","Not Set","Not Set",
"3746","RANCOCAS VALLEY SC  MESSI 2013","Soccer","U-11","5","999","Not Set","Not Set","Not Set","Not Set",
"4039","RANCOCAS VALLEY SC  RONALDO 2013","Soccer","U-11","5","999","Not Set","Not Set","Not Set","Not Set",
"3722","RANCOCAS VALLEY SC DAMON PETRAS 2016","Soccer","U-8","5","999","Rancocas Valley-LUMBERTON MUNICIPAL","S7","Not Set","Not Set",
"4204","REALJFC EDP/G","Soccer","U-13","5","999","Not Set","Not Set","Not Set","Not Set",
"4239","ROXBURY EDP/G","Soccer","U-14","5","999","Not Set","Not Set","Not Set","Not Set",
"4235","RUSA EDP/G","Soccer","U-13","5","999","Not Set","Not Set","Not Set","Not Set",
"4246","SCOTCH PLAINS EDP/G","Soccer","U-14","5","999","Not Set","Not Set","Not Set","Not Set",
"3760","SENECA UNITED SC 2010 SCREAMING EAGLES","Soccer","U-14","5","999","SENECA - STONEY CREEK FIELDS","F1","Not Set","Not Set",
"3918","SENECA UNITED SC 2011 WARRIORS","Soccer","U-13","5","999","SENECA - STONEY CREEK FIELDS","F1","Not Set","Not Set",
"4025","SENECA UNITED SC 2012 PRIDE","Soccer","U-12","5","999","SENECA - STONEY CREEK FIELDS","S9","Not Set","Not Set",
"3798","SENECA UNITED SC 2013 TIGERS","Soccer","U-11","5","999","SENECA - STONEY CREEK FIELDS","S9","Not Set","Not Set",
"3795","SENECA UNITED SC 2014 THUNDER","Soccer","U-10","5","999","Not Set","Not Set","Not Set","Not Set",
"3970","SENECA UNITED SC 2015 PARK RANGERS","Soccer","U-9","5","999","Not Set","Not Set","Not Set","Not Set",
"3968","SENECA UNITED SC 2015 RAPTORS","Soccer","U-9","5","999","Not Set","Not Set","Not Set","Not Set",
"3890","SENECA UNITED SC 2016 EAGLES","Soccer","U-8","5","999","SENECA - STONEY CREEK FIELDS","S7","Not Set","Not Set",
"4076","SJ FUTBOL CLUB  FLYERS II 2014","Soccer","U-10","5","999","Not Set","Not Set","Not Set","Not Set",
"4009","SJ FUTBOL CLUB  RAPIDS 2009","Soccer","U-15","5","999","Not Set","Not Set","Not Set","Not Set",
"4014","SJ FUTBOL CLUB  SOUNDERS 2013","Soccer","U-11","5","999","Not Set","Not Set","Not Set","Not Set",
"3985","SJ FUTBOL CLUB SJFC FLYERS 2014","Soccer","U-11","5","999","Not Set","Not Set","Not Set","Not Set",
"4270","SJEB EDP/B","Soccer","U-9","5","999","Not Set","Not Set","Not Set","Not Set",
"4222","SJEB EDP/G","Soccer","U-13","5","999","Not Set","Not Set","Not Set","Not Set",
"3540","SJEB EDP/G","Soccer","U-14","5","999","Not Set","Not Set","Not Set","Not Set",
"2081","SJEB EDP/G","Soccer","U-9","5","999","Not Set","Not Set","Not Set","Not Set",
"4266","SJEB NJYS NAT CHAMP SERIES/G","Soccer","U-13","5","999","Not Set","Not Set","Not Set","Not Set",
"4264","SJEB NJYS PRES CUP/B","Soccer","U-12","5","999","Not Set","Not Set","Not Set","Not Set",
"3796","SOUTH HARRISON TOWNSHIP SOCCER CLUB RENEGADES 2014","Soccer","U-10","5","999","SOUTH HARRISON - STEWART","S7","Not Set","Not Set",
"4068","SOUTH HARRISON TOWNSHIP SOCCER CLUB SOUTH HARRISON","Soccer","U-8","5","999","SOUTH HARRISON - STEWART","S7","Not Set","Not Listed",
"4169","SOUTH HARRISON TOWNSHIP SOCCER CLUB STRIKERS 2012","Soccer","U-12","5","999","Not Set","Not Set","Not Set","Not Set",
"4193","SUMMIT EDP/B","Soccer","U-15","5","999","Not Set","Not Set","Not Set","Not Set",
"3322","SWEDESBORO WOOLWICH SOCCER ASSOC. SWSA BLACK MAMBA","Soccer","U-13","5","999","Not Set","Not Set","Not Set","Not Listed",
"4155","SWEDESBORO WOOLWICH SOCCER ASSOC. SWSA CYCLONES 20","Soccer","U-12","5","999","SW-High Hill West Park","S1","Not Set","Not Listed",
"3934","SWEDESBORO WOOLWICH SOCCER ASSOC. SWSA DRAGONS 201","Soccer","U-10","5","999","Not Set","Not Set","Not Set","Not Listed",
"3885","SWEDESBORO WOOLWICH SOCCER ASSOC. SWSA FORCE 2009","Soccer","U-15","5","999","Not Set","Not Set","Not Set","Not Set",
"3717","SWEDESBORO WOOLWICH SOCCER ASSOC. SWSA GUNNERS 201","Soccer","U-9","5","999","Not Set","Not Set","Not Set","Not Listed",
"4146","SWEDESBORO WOOLWICH SOCCER ASSOC. SWSA HAVOC 2016","Soccer","U-8","5","999","Not Set","Not Set","Not Set","Not Set",
"3992","SWEDESBORO WOOLWICH SOCCER ASSOC. SWSA LIGHTNING 2","Soccer","U-10","5","999","Not Set","Not Set","Not Set","Not Listed",
"3931","SWEDESBORO WOOLWICH SOCCER ASSOC. SWSA RED FLAMES ","Soccer","U-13","5","999","SW-Locke Avenue Park","F1","Not Set","Not Listed",
"3866","SWEDESBORO WOOLWICH SOCCER ASSOC. SWSA SCORPIONS 2","Soccer","U-16","5","999","Not Set","Not Set","Not Set","Not Listed",
"3922","SWEDESBORO WOOLWICH SOCCER ASSOC. SWSA SHARKS 2012","Soccer","U-12","5","999","Not Set","Not Set","Not Set","Not Set",
"4024","SWEDESBORO WOOLWICH SOCCER ASSOC. SWSA STRIKERS 20","Soccer","U-9","5","999","Not Set","Not Set","Not Set","Not Listed",
"4168","SWEDESBORO WOOLWICH SOCCER ASSOC. SWSA VENOM 2016","Soccer","U-8","5","999","Not Set","Not Set","Not Set","Not Set",
"4326","SWSA BLACK MAMBAS EDP/B","Soccer","U-13","5","999","SW-Locke Avenue Park","F1","Not Set","Not Set",
"3122","SWSA SWAT EDP/B","Soccer","U-14","5","999","SW-High Hill West Park","F1","Not Set","Not Set",
"3989","TAR-KILL SOCCER CLUB TARKILL 2015 BLUE","Soccer","U-9","5","999","TARKILL-STERLING HS","S7","Not Set","Not Set",
"3903","TAR-KILL SOCCER CLUB TARKILL 2015 WHITE","Soccer","U-9","5","999","Not Set","Not Set","Not Set","Not Set",
"4087","TAR-KILL SOCCER CLUB TARKILL 2016 BOYS","Soccer","U-8","5","999","TARKILL-STERLING HS","S7","Not Set","Not Set",
"3986","TAR-KILL SOCCER CLUB TARKILL BARCELONA","Soccer","U-12","5","999","TARKILL-STERLING HS","S9","Not Set","Not Set",
"3675","TAR-KILL SOCCER CLUB TARKILL BLUE DEVILS","Soccer","U-15","5","999","TARKILL-STERLING HS","F1","Not Set","Not Set",
"3838","TAR-KILL SOCCER CLUB TARKILL CHELSEA","Soccer","U-10","5","999","Not Set","Not Set","Not Set","Not Set",
"4040","TAR-KILL SOCCER CLUB TARKILL KNIGHTS 2013","Soccer","U-11","5","999","Not Set","Not Set","Not Set","Not Set",
"4130","TAR-KILL SOCCER CLUB TARKILL LIVERPOOL","Soccer","U-12","5","999","Not Set","Not Set","Not Set","Not Set",
"3966","TAR-KILL SOCCER CLUB TARKILL SPURS","Soccer","U-10","5","999","Not Set","Not Set","Not Set","Not Set",
"3815","TAR-KILL SOCCER CLUB TARKILL TITANS 2010","Soccer","U-14","5","999","TARKILL-STERLING HS","F1","Not Set","Not Set",
"4199","TARKILL THUNDER EDP/G","Soccer","U-15","5","999","TARKILL-STERLING HS","F1","Not Set","Not Set",
"4181","TBAA  BENGALS 2012","Soccer","U-12","5","999","Not Set","Not Set","Not Set","Not Set",
"3780","TBAA  DYNAMO 2010","Soccer","U-14","5","999","Not Set","Not Set","Not Set","Not Set",
"4143","TBAA  JAGUARS 2012","Soccer","U-12","5","999","Not Set","Not Set","Not Set","Not Set",
"3982","TBAA  KNIGHTS 2016","Soccer","U-8","5","999","Not Set","Not Set","Not Set","Not Set",
"4004","TBAA  OUTLAWS 2014","Soccer","U-10","5","999","Not Set","Not Set","Not Set","Not Set",
"3834","TBAA  RENEGADES 2016","Soccer","U-8","5","999","Not Set","Not Set","Not Set","Not Set",
"4113","TBAA  REVOLUTION 2014","Soccer","U-10","5","999","TBAA-VALLEY BROOK","S7","Not Set","Not Set",
"3669","TBAA  REVOLUTION 2015","Soccer","U-9","5","999","TBAA-VALLEY BROOK","S7","Not Set","Not Set",
"3864","TBAA  STORM 2009","Soccer","U-15","5","999","Not Set","Not Set","Not Set","Not Set",
"3776","TBAA  TITANS 2011","Soccer","U-13","5","999","Not Set","Not Set","Not Set","Not Set",
"3708","TBAA  UNION 2013","Soccer","U-11","5","999","Not Set","Not Set","Not Set","Not Set",
"4203","TBAA LIGHTNING EDP/G","Soccer","U-13","5","999","TBAA-VALLEY BROOK","F1","Not Set","Not Set",
"4265","TBAA LIGHTNING NJYS NAT CHAMP SERIES/G","Soccer","U-13","5","999","TBAA-VALLEY BROOK","F1","Not Set","Not Set",
"4307","TBAA MAGIC EDP/G","Soccer","U-10","5","999","Not Set","Not Set","Not Set","Not Set",
"4223","TBAA MAGIC EDP/G","Soccer","U-14","5","999","TBAA-VALLEY BROOK","F1","Not Set","Not Set",
"4313","TBAA MINIONS EDP/G","Soccer","U-15","5","999","TBAA-VALLEY BROOK","F1","Not Set","Not Set",
"4196","TECNICA ELITE EDP/B","Soccer","U-14","5","999","Not Set","Not Set","Not Set","Not Set",
"4258","TORPEDOES EDP/B","Soccer","U-15","5","999","Not Set","Not Set","Not Set","Not Set",
"4228","UKRAINAIN NATIONALS EDP/B","Soccer","U-12","5","999","Not Set","Not Set","Not Set","Not Set",
"4325","UNION EDP/B","Soccer","U-15","5","999","Not Set","Not Set","Not Set","Not Set",
"4299","UNITED NJYS PRES CUP/B","Soccer","U-12","5","999","Not Set","Not Set","Not Set","Not Set",
"4198","UPPER FREEHOLDEDP/G","Soccer","U-14","5","999","Not Set","Not Set","Not Set","Not Set",
"3869","UPPER TOWNSHIP SA  AVALANCHE 2009","Soccer","U-15","5","999","UPPER TWP-Amanda's Field Complex","F1","Not Set","Not Set",
"4084","UPPER TOWNSHIP SA  COMETS 2015","Soccer","U-9","5","999","Not Set","Not Set","Not Set","Not Set",
"3792","UPPER TOWNSHIP SA  FORCE GREEN 2012","Soccer","U-12","5","999","Not Set","Not Set","Not Set","Not Set",
"3858","UPPER TOWNSHIP SA  HURRICANES GREEN 2014","Soccer","U-10","5","999","Not Set","Not Set","Not Set","Not Set",
"3803","UPPER TOWNSHIP SA  HURRICANES WHITE 2014","Soccer","U-10","5","999","UPPER TWP-Amanda's Field Complex","S7","Not Set","Not Set",
"4074","UPPER TOWNSHIP SA  ROLLING THUNDER 2013","Soccer","U-11","5","999","Not Set","Not Set","Not Set","Not Set",
"4129","UPPER TOWNSHIP SA  SUPER SONICS 2015","Soccer","U-9","5","999","Not Set","Not Set","Not Set","Not Set",
"4046","UPPER TOWNSHIP SA  TSUNAMIS 2011","Soccer","U-13","5","999","UPPER TWP-Amanda's Field Complex","F1","Not Set","Not Set",
"4329","VEIREININGUNG EDP/B","Soccer","U-17","5","999","Not Set","Not Set","Not Set","Not Set",
"3950","VINELAND SA AVENGERS 2015","Soccer","U-9","5","999","VINELAND SA","S7","Not Set","Not Set",
"3791","VINELAND SA FURY 2012","Soccer","U-12","5","999","VINELAND SA","S9","Not Set","Not Listed",
"3836","VINELAND SA JERSEY BOYZ 2012","Soccer","U-12","5","999","Not Set","Not Set","Not Set","Not Listed",
"3899","VINELAND SA REBELS 2010","Soccer","U-14","5","999","Not Set","Not Set","Not Set","Not Listed",
"3871","VINELAND SA STRIKERS 2011","Soccer","U-13","5","999","VINELAND SA","F1","Not Set","Not Listed",
"3769","VINELAND SA UNITED 2013","Soccer","U-11","5","999","Not Set","Not Set","Not Set","Not Listed",
"3700","VINELAND SA VIKINGS 2008","Soccer","U-17","5","999","Not Set","Not Set","Not Set","Not Set",
"4023","VINELAND SA VINELAND LIVERPOOL 2015","Soccer","U-9","5","999","VINELAND SA","S7","Not Set","Not Set",
"3823","VINELAND SA VINELAND TERMINATORS 2014","Soccer","U-10","5","999","Not Set","Not Set","Not Set","Not Set",
"3702","VINELAND SA VINELAND TIGRES","Soccer","U-16","5","999","VINELAND SA","F1","Not Set","Not Set",
"3870","VOORHEES SA AMBUSH 2009","Soccer","U-15","5","999","Not Set","Not Set","Not Set","Not Listed",
"3772","VOORHEES SA ATTACK 2011","Soccer","U-13","5","999","Not Set","Not Set","Not Set","Not Listed",
"4062","VOORHEES SA BLUES 2011","Soccer","U-13","5","999","VOORHEES-EASTERN HS","F1","Not Set","Not Listed",
"3721","VOORHEES SA COBRAS 2015","Soccer","U-9","5","999","Not Set","Not Set","Not Set","Not Set",
"4156","VOORHEES SA FORCE 2012","Soccer","U-12","5","999","Not Set","Not Set","Not Set","Not Listed",
"4075","VOORHEES SA KNIGHTS 2014","Soccer","U-10","5","999","VOORHEES-Echelon Complex","S7","Not Set","Not Set",
"4096","VOORHEES SA LIGHTNING 2014","Soccer","U-10","5","999","Not Set","Not Set","Not Set","Not Set",
"3908","VOORHEES SA PREDATORS 2013","Soccer","U-11","5","999","Not Set","Not Set","Not Set","Not Listed",
"4133","VOORHEES SA RAPTORS 2013","Soccer","U-11","5","999","Not Set","Not Set","Not Set","Not Set",
"3888","VOORHEES SA THUNDER 2010","Soccer","U-14","5","999","VOORHEES-EASTERN HS","F1","Not Set","Not Listed",
"3747","VOORHEES SA VIKINGS 2014","Soccer","U-10","5","999","VOORHEES-Echelon Complex","S7","Not Set","Not Set",
"4127","VOORHEES SA VOORHEES 2013 BOYS C","Soccer","U-11","5","999","Not Set","Not Set","Not Set","Not Set",
"3937","VOORHEES SA VOORHEES 2015 BOYS C","Soccer","U-9","5","999","VOORHEES-Echelon Complex","S7","Not Set","Not Set",
"4176","VOORHEES SA VOORHEES 2016 BOYS A","Soccer","U-8","5","999","VOORHEES-Echelon Complex","S7","Not Set","Not Set",
"4033","VOORHEES SA VOORHEES 2016 BOYS B","Soccer","U-8","5","999","Not Set","Not Set","Not Set","Not Set",
"3749","VOORHEES SA WARRIORS 2010","Soccer","U-14","5","999","VOORHEES-EASTERN HS","F1","Not Set","Not Listed",
"4205","VOORHEES STORM EDP/G","Soccer","U-14","5","999","VOORHEES-EASTERN HS","F1","Not Set","Not Set",
"4261","VSA BERSERKERS EDP/B","Soccer","U-14","5","999","VOORHEES-EASTERN HS","F1","Not Set","Not Set",
"4189","VSA STRIKERS EDP/B","Soccer","U-12","5","999","VOORHEES-Echelon Complex","F1","Not Set","Not Set",
"3566","VSA VIPERS EDP/B","Soccer","U-9","5","999","VOORHEES-Echelon Complex","S7","Not Set","Not Set",
"4191","VSA WOLFPACK EDP/B","Soccer","U-15","5","999","VOORHEES-EASTERN HS","Not Set","Not Set","Not Listed",
"4162","WASHINGTON TWP SOCCER CLUB BLUE 2014","Soccer","U-10","5","999","Not Set","Not Set","Not Set","Not Set",
"4042","WASHINGTON TWP SOCCER CLUB BLUE 2015","Soccer","U-9","5","999","Not Set","Not Set","Not Set","Not Set",
"3896","WASHINGTON TWP SOCCER CLUB BOYS BLUE 2016","Soccer","U-8","5","999","Not Set","Not Set","Not Set","Not Set",
"3768","WASHINGTON TWP SOCCER CLUB DAREDEVILS 2013","Soccer","U-11","5","999","Not Set","Not Set","Not Set","Not Set",
"3954","WASHINGTON TWP SOCCER CLUB GLADIATORS 2008","Soccer","U-16","5","999","WASHINGTON TWP-WASH LAKE PARK","F1","Not Set","Not Set",
"4183","WASHINGTON TWP SOCCER CLUB LIGHTNING 2012","Soccer","U-12","5","999","Not Set","Not Set","Not Set","Not Set",
"3683","WASHINGTON TWP SOCCER CLUB PREDATORS 2012","Soccer","U-12","5","999","Not Set","Not Set","Not Set","Not Set",
"4175","WASHINGTON TWP SOCCER CLUB RAPTORS 2013","Soccer","U-11","5","999","Not Set","Not Set","Not Set","Not Set",
"4013","WASHINGTON TWP SOCCER CLUB RED 2014","Soccer","U-10","5","999","Not Set","Not Set","Not Set","Not Set",
"3854","WASHINGTON TWP SOCCER CLUB REGULATORS 2011","Soccer","U-13","5","999","Not Set","Not Set","Not Set","Not Set",
"3753","WASHINGTON TWP SOCCER CLUB RENEGADES 2010","Soccer","U-14","5","999","WASHINGTON TWP-WASH LAKE PARK","F1","Not Set","Not Set",
"3679","WASHINGTON TWP SOCCER CLUB REVOLUTION 2010","Soccer","U-14","5","999","WASHINGTON TWP-WASH LAKE PARK","F1","Not Set","Not Set",
"4125","WASHINGTON TWP SOCCER CLUB SPARTANS 2007","Soccer","U-17","5","999","WASHINGTON TWP-WASH LAKE PARK","F1","Not Set","Not Set",
"4171","WASHINGTON TWP SOCCER CLUB UNITED BOYS RED 2016","Soccer","U-8","5","999","Not Set","Not Set","Not Set","Not Set",
"4180","WASHINGTON TWP SOCCER CLUB WASHINGTON TWP RED 2015","Soccer","U-9","5","999","Not Set","Not Set","Not Set","Not Set",
"3752","WASHINGTON TWP SOCCER CLUB WASHINGTON TWP WHITE WA","Soccer","U-10","5","999","WASHINGTON TWP. - Levy Fields (Virtua)","S7","Not Set","Not Listed",
"4243","WASHINGTON UNITED EDP/B","Soccer","U-12","5","999","WASHINGTON TWP-WASH LAKE PARK","S9","Not Set","Not Set",
"4240","WASHINGTON UNITED EDP/B","Soccer","U-13","5","999","WASHINGTON TWP-WASH LAKE PARK","F1","Not Set","Not Set",
"3626","WASHINGTON UNITED EDP/B","Soccer","U-15","5","999","WASHINGTON TWP-WASH LAKE PARK","F1","Not Set","Not Set",
"3100","WASHINGTON UNITED EDP/G","Soccer","U-14","5","999","WASHINGTON TWP-WASH LAKE PARK","F1","Not Set","Not Set",
"4263","WASHINGTON UNITED NJYS PRES CUP/B","Soccer","U-12","5","999","WASHINGTON TWP-WASH LAKE PARK","S9","Not Set","Not Set",
"3856","WASHINGTON UNITED SOCCER CLUB WUSC 2013","Soccer","U-11","5","999","Not Set","Not Set","Not Set","Not Listed",
"3705","WASHINGTON UNITED SOCCER CLUB WUSC 2014","Soccer","U-10","5","999","Not Set","Not Set","Not Set","Not Set",
"4179","WATERFORD ATHLETIC ASSN WING 2014","Soccer","U-10","5","999","Not Set","Not Set","Not Set","Not Set",
"4182","WATERFORD ATHLETIC ASSN WINGS 2012","Soccer","U-12","5","999","Not Set","Not Set","Not Set","Not Listed",
"3809","WEST DEPTFORD SC ANIMALS 2015","Soccer","U-9","5","999","W DEPTFORD-WD PARK","S7","Not Set","Not Set",
"4072","WEST DEPTFORD SC AVALANCHE 2014","Soccer","U-10","5","999","W DEPTFORD-WD PARK","S7","Not Set","Not Set",
"3914","WEST DEPTFORD SC EAGLES 2014","Soccer","U-10","5","999","W DEPTFORD-WD PARK","S7","Not Set","Not Listed",
"4008","WEST DEPTFORD SC GREEN 2016","Soccer","U-8","5","999","Not Set","Not Set","Not Set","Not Set",
"3813","WEST DEPTFORD SC HORNETS 2010","Soccer","U-14","5","999","W DEPTFORD-WD PARK","F1","Not Set","Not Listed",
"4141","WEST DEPTFORD SC UNION 2012","Soccer","U-12","5","999","Not Set","Not Set","Not Set","Not Listed",
"3744","WEST DEPTFORD SC WEST DEPTFORD WIZARDS 2013","Soccer","U-11","5","999","Not Set","Not Set","Not Set","Not Set",
"4067","WEST DEPTFORD SC WHITE 2016","Soccer","U-8","5","999","Not Set","Not Set","Not Set","Not Set",
"3923","WEST DEPTFORD SC WOLFPACK 2011","Soccer","U-13","5","999","W DEPTFORD-WD PARK","F1","Not Set","Not Listed",
"3974","WINSLOW TOWNSHIP YSA WINSLOW DYNAMO 2012","Soccer","U-12","5","999","WINSLOW TWP - PETER VOLPA","S9","Not Set","Not Set",
"3697","WINSLOW TOWNSHIP YSA WINSLOW ENFORCERS 2007","Soccer","U-17","5","999","Not Set","Not Set","Not Set","Not Set",
"4105","WINSLOW TOWNSHIP YSA WINSLOW GREEN DRAGONS 2012","Soccer","U-12","5","999","WINSLOW TWP - PETER VOLPA","S9","Not Set","Not Set",
"3778","WINSLOW TOWNSHIP YSA WINSLOW SHARKS 2013","Soccer","U-11","5","999","Not Set","Not Set","Not Set","Not Set",
"3936","WINSLOW TOWNSHIP YSA WINSLOW SLAYERS 2010","Soccer","U-14","5","999","Not Set","Not Set","Not Set","Not Set",
"3874","WINSLOW TOWNSHIP YSA WINSLOW TITANS","Soccer","U-9","5","999","Not Set","Not Set","Not Set","Not Set",
"3681","WINSLOW TOWNSHIP YSA WINSLOW VIPERS 2009","Soccer","U-15","5","999","WINSLOW TWP - PETER VOLPA","F1","Not Set","Not Set",
"3941","WINSLOW TOWNSHIP YSA WINSLOW WILDCATS 2011","Soccer","U-13","5","999","Not Set","Not Set","Not Set","Not Set",
"3281","WINSLOW TOWNSHIP YSA WINSLOW WOLVES 2006","Soccer","U-19","5","999","WINSLOW TWP - PETER VOLPA","F1","Not Set","Not Listed",
"4185","WOODBRIDGE EDP/B","Soccer","U-12","5","999","Not Set","Not Set","Not Set","Not Set",
"3924","WOODBURY SOCCER CLUB WOODBURY ARMORY 2011","Soccer","U-13","5","999","Not Set","Not Set","Not Set","Not Set",
"3825","WOODBURY SOCCER CLUB WOODBURY BISON 2013","Soccer","U-11","5","999","Not Set","Not Set","Not Set","Not Set",
"4275","WOODSTOWN SOCCER CLUB WOODSTOWN ANGRY PIGS 2009","Soccer","U-15","5","999","Not Set","Not Set","Not Set","Not Set",
"4058","WOODSTOWN SOCCER CLUB WOODSTOWN FURY 2011","Soccer","U-13","5","999","Not Set","Not Set","Not Set","Not Set",
"3913","WOODSTOWN SOCCER CLUB WOODSTOWN PREDATORS 2013","Soccer","U-11","5","999","WOODSTOWN","S9","Not Set","Not Set",
"4164","WOODSTOWN SOCCER CLUB WOODSTOWN THUNDER 2012","Soccer","U-12","5","999","WOODSTOWN","S9","Not Set","Not Set",
"3756","WOODSTOWN SOCCER CLUB WOODSTOWN WARRIORS 2010","Soccer","U-14","5","999","Not Set","Not Set","Not Set","Not Set",
"3781","WOODSTOWN SOCCER CLUB WOODSTOWN WOLFPACK 2014","Soccer","U-10","5","999","WOODSTOWN","S7","Not Set","Not Set",
"4315","WOODSTOWN SOCCER CLUB WOODSTOWN WOLVERINES 2007","Soccer","U-18","5","999","WOODSTOWN","S9","Not Set","Not Set",
"3881","WOODSTOWN SOCCER CLUB WOODSTOWN WOLVERINES 2010","Soccer","U-14","5","999","Not Set","Not Set","Not Set","Not Set",
"4038","WOODSTOWN SOCCER CLUB WOODSTOWN WOLVERINES 2013","Soccer","U-11","5","999","WOODSTOWN","S9","Not Set","Not Set",
"4177","WOODSTOWN SOCCER CLUB WOODSTOWN WOLVERINES 2014","Soccer","U-10","5","999","WOODSTOWN","S7","Not Set","Not Set",
"4301","WUSC NJYS PRES CUP/B","Soccer","U-12","5","999","Not Set","Not Set","Not Set","Not Set",
"2108","YARDLEY MAKEFIELD EDP/B","Soccer","U-12","5","999","Not Set","Not Set","Not Set","Not Set",
"4273","YARDLEY MAKEFIELD EDP/G","Soccer","U-14","5","999","Not Set","Not Set","Not Set","Not Set",
